,gender,age,time,year,time_seconds
0,M,21,48:18,2016,2898
1,M,20,49:28,2016,2968
2,M,21,50:46,2016,3046
3,M,20,51:46,2016,3106
4,M,29,52:02,2016,3122
5,M,37,52:39,2016,3159
6,M,25,53:19,2016,3199
7,M,24,53:34,2016,3214
8,M,39,55:09,2016,3309
9,M,23,55:25,2016,3325
10,M,49,55:43,2016,3343
11,M,24,55:56,2016,3356
12,M,35,56:02,2016,3362
13,M,41,56:25,2016,3385
14,M,47,57:07,2016,3427
15,M,18,57:24,2016,3444
16,M,17,57:46,2016,3466
17,M,27,58:32,2016,3512
18,M,16,58:45,2016,3525
19,F,34,58:57,2016,3537
20,M,31,58:59,2016,3539
21,M,32,59:16,2016,3556
22,M,23,59:53,2016,3593
23,M,41,59:55,2016,3595
24,M,21,1:00:30,2016,3630
25,F,19,1:00:54,2016,3654
26,M,36,1:01:04,2016,3664
27,M,21,1:01:05,2016,3665
28,M,21,1:01:17,2016,3677
29,M,31,1:02:05,2016,3725
30,M,17,1:02:07,2016,3727
31,M,43,1:02:22,2016,3742
32,M,35,1:02:31,2016,3751
33,F,34,1:03:18,2016,3798
34,M,30,1:03:34,2016,3814
35,M,31,1:03:44,2016,3824
36,M,45,1:03:46,2016,3826
37,M,15,1:04:07,2016,3847
38,M,39,1:04:19,2016,3859
39,M,29,1:04:31,2016,3871
40,M,27,1:04:36,2016,3876
41,M,40,1:04:39,2016,3879
42,M,17,1:04:46,2016,3886
43,M,37,1:04:59,2016,3899
44,M,43,1:05:11,2016,3911
45,M,36,1:05:16,2016,3916
46,M,33,1:05:20,2016,3920
47,M,35,1:05:32,2016,3932
48,M,37,1:05:46,2016,3946
49,F,18,1:05:56,2016,3956
50,M,40,1:05:59,2016,3959
51,F,44,1:06:09,2016,3969
52,M,26,1:06:09,2016,3969
53,M,59,1:06:21,2016,3981
54,F,22,1:06:25,2016,3985
55,M,16,1:06:49,2016,4009
56,M,34,1:06:55,2016,4015
57,F,22,1:07:00,2016,4020
58,M,38,1:07:02,2016,4022
59,M,47,1:07:02,2016,4022
60,F,40,1:07:06,2016,4026
61,F,21,1:07:06,2016,4026
62,M,42,1:07:12,2016,4032
63,M,46,1:07:16,2016,4036
64,M,55,1:07:20,2016,4040
65,M,18,1:07:22,2016,4042
66,M,42,1:07:26,2016,4046
67,M,32,1:07:31,2016,4051
68,F,34,1:07:38,2016,4058
69,M,17,1:07:47,2016,4067
70,M,36,1:07:50,2016,4070
71,M,23,1:07:57,2016,4077
72,M,40,1:08:02,2016,4082
73,M,17,1:08:10,2016,4090
74,M,19,1:08:20,2016,4100
75,M,48,1:08:28,2016,4108
76,F,31,1:08:31,2016,4111
77,F,26,1:08:51,2016,4131
78,M,37,1:08:54,2016,4134
79,F,24,1:08:58,2016,4138
80,M,52,1:09:08,2016,4148
81,F,40,1:09:18,2016,4158
82,M,58,1:09:19,2016,4159
83,M,35,1:09:24,2016,4164
84,M,50,1:09:37,2016,4177
85,F,28,1:09:47,2016,4187
86,M,42,1:09:50,2016,4190
87,M,34,1:09:53,2016,4193
88,M,54,1:09:56,2016,4196
89,M,31,1:09:56,2016,4196
90,M,49,1:09:56,2016,4196
91,M,27,1:10:20,2016,4220
92,F,39,1:10:20,2016,4220
93,M,31,1:10:20,2016,4220
94,M,39,1:10:21,2016,4221
95,M,31,1:10:24,2016,4224
96,M,30,1:10:28,2016,4228
97,F,17,1:10:31,2016,4231
98,M,39,1:10:32,2016,4232
99,M,20,1:10:33,2016,4233
100,M,40,1:10:35,2016,4235
101,M,35,1:10:36,2016,4236
102,M,35,1:10:36,2016,4236
103,M,44,1:10:37,2016,4237
104,F,35,1:10:40,2016,4240
105,M,32,1:10:51,2016,4251
106,M,41,1:10:58,2016,4258
107,M,24,1:11:00,2016,4260
108,M,29,1:11:01,2016,4261
109,M,50,1:11:10,2016,4270
110,M,29,1:11:11,2016,4271
111,F,16,1:11:17,2016,4277
112,M,30,1:11:24,2016,4284
113,F,29,1:11:32,2016,4292
114,M,40,1:11:34,2016,4294
115,M,33,1:11:37,2016,4297
116,M,45,1:11:38,2016,4298
117,M,48,1:11:41,2016,4301
118,M,52,1:11:41,2016,4301
119,M,22,1:11:46,2016,4306
120,M,34,1:11:48,2016,4308
121,F,36,1:11:50,2016,4310
122,M,44,1:11:53,2016,4313
123,F,42,1:11:54,2016,4314
124,F,41,1:11:57,2016,4317
125,M,43,1:12:00,2016,4320
126,M,39,1:12:04,2016,4324
127,F,50,1:12:08,2016,4328
128,M,39,1:12:10,2016,4330
129,M,16,1:12:17,2016,4337
130,F,32,1:12:18,2016,4338
131,M,43,1:12:20,2016,4340
132,M,26,1:12:24,2016,4344
133,M,14,1:12:31,2016,4351
134,M,20,1:12:33,2016,4353
135,M,43,1:12:36,2016,4356
136,M,23,1:12:40,2016,4360
137,M,38,1:12:49,2016,4369
138,F,37,1:12:50,2016,4370
139,M,61,1:12:52,2016,4372
140,M,40,1:12:53,2016,4373
141,M,44,1:12:54,2016,4374
142,F,27,1:12:56,2016,4376
143,F,39,1:12:58,2016,4378
144,M,28,1:13:01,2016,4381
145,M,54,1:13:06,2016,4386
146,M,30,1:13:14,2016,4394
147,M,49,1:13:22,2016,4402
148,F,33,1:13:30,2016,4410
149,F,24,1:13:31,2016,4411
150,M,57,1:13:36,2016,4416
151,M,40,1:13:40,2016,4420
152,M,34,1:13:48,2016,4428
153,M,33,1:13:52,2016,4432
154,M,38,1:13:53,2016,4433
155,M,30,1:14:03,2016,4443
156,M,50,1:14:03,2016,4443
157,M,43,1:14:14,2016,4454
158,M,29,1:14:18,2016,4458
159,M,33,1:14:21,2016,4461
160,M,49,1:14:22,2016,4462
161,M,32,1:14:23,2016,4463
162,M,49,1:14:24,2016,4464
163,F,30,1:14:31,2016,4471
164,F,18,1:14:33,2016,4473
165,M,41,1:14:34,2016,4474
166,M,45,1:14:37,2016,4477
167,M,52,1:14:44,2016,4484
168,M,59,1:14:45,2016,4485
169,M,38,1:14:52,2016,4492
170,M,28,1:15:05,2016,4505
171,M,32,1:15:07,2016,4507
172,M,52,1:15:15,2016,4515
173,F,34,1:15:17,2016,4517
174,M,65,1:15:22,2016,4522
175,M,50,1:15:25,2016,4525
176,F,26,1:15:26,2016,4526
177,M,33,1:15:26,2016,4526
178,M,32,1:15:33,2016,4533
179,M,31,1:15:33,2016,4533
180,M,54,1:15:34,2016,4534
181,F,26,1:15:38,2016,4538
182,M,35,1:15:39,2016,4539
183,M,38,1:15:40,2016,4540
184,M,21,1:15:45,2016,4545
185,M,34,1:15:45,2016,4545
186,F,25,1:15:47,2016,4547
187,M,52,1:15:51,2016,4551
188,M,41,1:15:52,2016,4552
189,M,55,1:15:54,2016,4554
190,M,37,1:16:02,2016,4562
191,F,38,1:16:03,2016,4563
192,M,29,1:16:05,2016,4565
193,M,37,1:16:08,2016,4568
194,M,55,1:16:12,2016,4572
195,M,53,1:16:17,2016,4577
196,F,30,1:16:18,2016,4578
197,F,45,1:16:27,2016,4587
198,M,50,1:16:32,2016,4592
199,M,14,1:16:40,2016,4600
200,M,19,1:16:42,2016,4602
201,M,48,1:16:42,2016,4602
202,F,35,1:16:45,2016,4605
203,F,26,1:16:46,2016,4606
204,M,34,1:16:47,2016,4607
205,M,60,1:16:51,2016,4611
206,M,41,1:16:54,2016,4614
207,M,29,1:17:00,2016,4620
208,M,41,1:17:02,2016,4622
209,M,31,1:17:03,2016,4623
210,M,64,1:17:07,2016,4627
211,M,49,1:17:09,2016,4629
212,M,29,1:17:10,2016,4630
213,M,56,1:17:15,2016,4635
214,F,38,1:17:17,2016,4637
215,M,48,1:17:20,2016,4640
216,M,36,1:17:21,2016,4641
217,M,36,1:17:26,2016,4646
218,F,38,1:17:27,2016,4647
219,M,43,1:17:28,2016,4648
220,M,60,1:17:29,2016,4649
221,M,48,1:17:35,2016,4655
222,M,38,1:17:36,2016,4656
223,M,57,1:17:41,2016,4661
224,M,59,1:17:42,2016,4662
225,F,26,1:17:43,2016,4663
226,F,27,1:17:44,2016,4664
227,M,26,1:17:45,2016,4665
228,F,21,1:17:49,2016,4669
229,F,39,1:17:52,2016,4672
230,F,29,1:17:53,2016,4673
231,M,50,1:17:56,2016,4676
232,F,21,1:18:03,2016,4683
233,M,55,1:18:05,2016,4685
234,F,23,1:18:08,2016,4688
235,M,57,1:18:08,2016,4688
236,F,54,1:18:12,2016,4692
237,M,27,1:18:13,2016,4693
238,F,33,1:18:18,2016,4698
239,M,33,1:18:19,2016,4699
240,M,33,1:18:19,2016,4699
241,F,26,1:18:20,2016,4700
242,F,39,1:18:27,2016,4707
243,F,21,1:18:32,2016,4712
244,F,23,1:18:32,2016,4712
245,F,49,1:18:50,2016,4730
246,M,33,1:18:53,2016,4733
247,M,36,1:18:55,2016,4735
248,M,22,1:18:56,2016,4736
249,F,29,1:18:58,2016,4738
250,M,30,1:19:05,2016,4745
251,M,52,1:19:08,2016,4748
252,M,40,1:19:11,2016,4751
253,M,42,1:19:15,2016,4755
254,F,50,1:19:15,2016,4755
255,M,36,1:19:16,2016,4756
256,F,36,1:19:19,2016,4759
257,M,36,1:19:22,2016,4762
258,F,31,1:19:30,2016,4770
259,M,31,1:19:33,2016,4773
260,F,49,1:19:40,2016,4780
261,M,49,1:19:44,2016,4784
262,F,45,1:19:44,2016,4784
263,M,38,1:19:45,2016,4785
264,M,34,1:19:46,2016,4786
265,M,60,1:19:47,2016,4787
266,F,11,1:19:50,2016,4790
267,M,64,1:19:51,2016,4791
268,M,21,1:19:52,2016,4792
269,F,50,1:20:01,2016,4801
270,F,32,1:20:09,2016,4809
271,F,60,1:20:14,2016,4814
272,F,30,1:20:19,2016,4819
273,M,38,1:20:20,2016,4820
274,M,38,1:20:20,2016,4820
275,F,26,1:20:22,2016,4822
276,F,34,1:20:23,2016,4823
277,M,61,1:20:24,2016,4824
278,M,42,1:20:24,2016,4824
279,M,34,1:20:27,2016,4827
280,F,43,1:20:31,2016,4831
281,M,30,1:20:34,2016,4834
282,M,28,1:20:40,2016,4840
283,M,53,1:20:46,2016,4846
284,F,54,1:20:49,2016,4849
285,M,51,1:20:50,2016,4850
286,F,35,1:20:50,2016,4850
287,M,29,1:20:54,2016,4854
288,M,46,1:20:55,2016,4855
289,F,44,1:20:57,2016,4857
290,F,49,1:20:57,2016,4857
291,F,31,1:20:57,2016,4857
292,M,32,1:20:58,2016,4858
293,F,57,1:20:58,2016,4858
294,F,30,1:21:05,2016,4865
295,M,65,1:21:05,2016,4865
296,M,46,1:21:07,2016,4867
297,F,34,1:21:08,2016,4868
298,F,64,1:21:13,2016,4873
299,F,41,1:21:20,2016,4880
300,M,59,1:21:23,2016,4883
301,M,27,1:21:23,2016,4883
302,M,42,1:21:25,2016,4885
303,M,58,1:21:26,2016,4886
304,M,36,1:21:29,2016,4889
305,F,43,1:21:31,2016,4891
306,F,37,1:21:40,2016,4900
307,M,35,1:21:43,2016,4903
308,F,63,1:21:44,2016,4904
309,F,41,1:21:48,2016,4908
310,M,27,1:21:49,2016,4909
311,M,47,1:21:49,2016,4909
312,F,26,1:21:53,2016,4913
313,M,44,1:21:56,2016,4916
314,F,31,1:21:59,2016,4919
315,F,26,1:22:05,2016,4925
316,M,44,1:22:06,2016,4926
317,F,34,1:22:12,2016,4932
318,F,34,1:22:12,2016,4932
319,F,56,1:22:13,2016,4933
320,F,16,1:22:16,2016,4936
321,M,36,1:22:21,2016,4941
322,M,62,1:22:28,2016,4948
323,M,27,1:22:28,2016,4948
324,M,57,1:22:33,2016,4953
325,M,44,1:22:35,2016,4955
326,F,32,1:22:37,2016,4957
327,F,34,1:22:40,2016,4960
328,M,32,1:22:40,2016,4960
329,M,31,1:22:49,2016,4969
330,F,51,1:22:49,2016,4969
331,F,26,1:22:50,2016,4970
332,F,26,1:22:51,2016,4971
333,M,27,1:22:54,2016,4974
334,M,43,1:22:54,2016,4974
335,M,51,1:22:55,2016,4975
336,M,49,1:22:56,2016,4976
337,M,26,1:22:57,2016,4977
338,F,34,1:22:58,2016,4978
339,F,39,1:22:59,2016,4979
340,F,60,1:23:10,2016,4990
341,M,39,1:23:15,2016,4995
342,M,55,1:23:15,2016,4995
343,M,41,1:23:22,2016,5002
344,M,52,1:23:23,2016,5003
345,M,33,1:23:27,2016,5007
346,M,16,1:23:28,2016,5008
347,M,68,1:23:29,2016,5009
348,M,29,1:23:30,2016,5010
349,F,36,1:23:31,2016,5011
350,M,51,1:23:34,2016,5014
351,M,40,1:23:38,2016,5018
352,M,26,1:23:38,2016,5018
353,M,47,1:23:44,2016,5024
354,M,31,1:23:48,2016,5028
355,F,50,1:23:50,2016,5030
356,M,44,1:23:54,2016,5034
357,M,47,1:23:59,2016,5039
358,F,36,1:24:05,2016,5045
359,F,49,1:24:08,2016,5048
360,F,47,1:24:10,2016,5050
361,F,49,1:24:10,2016,5050
362,M,33,1:24:11,2016,5051
363,F,23,1:24:11,2016,5051
364,F,26,1:24:15,2016,5055
365,F,26,1:24:19,2016,5059
366,M,44,1:24:21,2016,5061
367,M,57,1:24:24,2016,5064
368,F,42,1:24:25,2016,5065
369,M,42,1:24:29,2016,5069
370,M,30,1:24:36,2016,5076
371,M,43,1:24:37,2016,5077
372,M,31,1:24:48,2016,5088
373,M,34,1:24:50,2016,5090
374,M,34,1:24:50,2016,5090
375,M,53,1:24:51,2016,5091
376,M,52,1:24:54,2016,5094
377,F,45,1:24:57,2016,5097
378,F,60,1:24:57,2016,5097
379,M,34,1:25:03,2016,5103
380,F,25,1:25:06,2016,5106
381,M,28,1:25:07,2016,5107
382,F,23,1:25:09,2016,5109
383,F,18,1:25:09,2016,5109
384,M,29,1:25:11,2016,5111
385,F,35,1:25:11,2016,5111
386,M,45,1:25:14,2016,5114
387,F,47,1:25:15,2016,5115
388,F,40,1:25:15,2016,5115
389,M,32,1:25:17,2016,5117
390,M,53,1:25:17,2016,5117
391,M,64,1:25:18,2016,5118
392,M,34,1:25:20,2016,5120
393,M,54,1:25:21,2016,5121
394,M,37,1:25:22,2016,5122
395,M,33,1:25:23,2016,5123
396,F,46,1:25:23,2016,5123
397,F,52,1:25:26,2016,5126
398,M,52,1:25:26,2016,5126
399,F,35,1:25:27,2016,5127
400,M,45,1:25:28,2016,5128
401,M,49,1:25:29,2016,5129
402,F,36,1:25:30,2016,5130
403,F,34,1:25:30,2016,5130
404,M,20,1:25:31,2016,5131
405,F,47,1:25:31,2016,5131
406,M,47,1:25:32,2016,5132
407,F,19,1:25:33,2016,5133
408,F,58,1:25:34,2016,5134
409,F,37,1:25:36,2016,5136
410,F,16,1:25:38,2016,5138
411,F,15,1:25:38,2016,5138
412,M,46,1:25:38,2016,5138
413,M,53,1:25:40,2016,5140
414,M,43,1:25:40,2016,5140
415,F,25,1:25:43,2016,5143
416,M,50,1:25:43,2016,5143
417,M,51,1:25:43,2016,5143
418,M,33,1:25:43,2016,5143
419,F,32,1:25:45,2016,5145
420,F,24,1:25:46,2016,5146
421,F,33,1:25:54,2016,5154
422,M,49,1:25:54,2016,5154
423,M,39,1:25:56,2016,5156
424,M,48,1:25:56,2016,5156
425,F,26,1:26:07,2016,5167
426,F,36,1:26:08,2016,5168
427,M,61,1:26:09,2016,5169
428,M,55,1:26:11,2016,5171
429,M,63,1:26:18,2016,5178
430,M,14,1:26:29,2016,5189
431,M,60,1:26:32,2016,5192
432,M,61,1:26:32,2016,5192
433,M,48,1:26:34,2016,5194
434,F,37,1:26:35,2016,5195
435,M,36,1:26:37,2016,5197
436,M,26,1:26:41,2016,5201
437,F,26,1:26:49,2016,5209
438,M,33,1:26:49,2016,5209
439,M,56,1:26:51,2016,5211
440,F,28,1:26:57,2016,5217
441,M,55,1:27:00,2016,5220
442,F,31,1:27:03,2016,5223
443,M,65,1:27:05,2016,5225
444,M,50,1:27:07,2016,5227
445,M,59,1:27:12,2016,5232
446,F,18,1:27:12,2016,5232
447,F,39,1:27:16,2016,5236
448,F,15,1:27:18,2016,5238
449,F,49,1:27:18,2016,5238
450,M,61,1:27:19,2016,5239
451,F,19,1:27:24,2016,5244
452,F,26,1:27:27,2016,5247
453,M,18,1:27:27,2016,5247
454,M,19,1:27:28,2016,5248
455,M,48,1:27:29,2016,5249
456,M,40,1:27:35,2016,5255
457,M,34,1:27:53,2016,5273
458,F,46,1:27:56,2016,5276
459,F,43,1:27:58,2016,5278
460,F,51,1:28:01,2016,5281
461,M,30,1:28:09,2016,5289
462,F,31,1:28:09,2016,5289
463,F,38,1:28:10,2016,5290
464,M,25,1:28:11,2016,5291
465,M,31,1:28:27,2016,5307
466,M,30,1:28:27,2016,5307
467,M,33,1:28:29,2016,5309
468,F,54,1:28:31,2016,5311
469,M,31,1:28:34,2016,5314
470,F,25,1:28:37,2016,5317
471,M,28,1:28:38,2016,5318
472,F,45,1:28:48,2016,5328
473,F,38,1:28:53,2016,5333
474,M,57,1:28:54,2016,5334
475,M,33,1:28:59,2016,5339
476,M,36,1:29:00,2016,5340
477,M,55,1:29:07,2016,5347
478,M,51,1:29:09,2016,5349
479,F,34,1:29:13,2016,5353
480,F,60,1:29:13,2016,5353
481,F,37,1:29:13,2016,5353
482,M,60,1:29:14,2016,5354
483,F,20,1:29:18,2016,5358
484,F,47,1:29:23,2016,5363
485,M,20,1:29:24,2016,5364
486,M,62,1:29:26,2016,5366
487,M,26,1:29:30,2016,5370
488,F,24,1:29:31,2016,5371
489,F,36,1:29:34,2016,5374
490,M,46,1:29:39,2016,5379
491,M,31,1:29:40,2016,5380
492,M,41,1:29:48,2016,5388
493,F,27,1:29:54,2016,5394
494,F,40,1:29:55,2016,5395
495,M,37,1:29:57,2016,5397
496,M,39,1:30:00,2016,5400
497,F,34,1:30:01,2016,5401
498,M,41,1:30:06,2016,5406
499,F,35,1:30:08,2016,5408
500,F,43,1:30:09,2016,5409
501,F,34,1:30:27,2016,5427
502,F,43,1:30:27,2016,5427
503,M,40,1:30:28,2016,5428
504,M,24,1:30:29,2016,5429
505,M,58,1:30:35,2016,5435
506,F,30,1:30:48,2016,5448
507,M,36,1:30:51,2016,5451
508,F,59,1:30:53,2016,5453
509,M,35,1:30:55,2016,5455
510,M,32,1:30:55,2016,5455
511,F,25,1:30:56,2016,5456
512,F,19,1:30:58,2016,5458
513,M,45,1:30:58,2016,5458
514,F,28,1:31:08,2016,5468
515,M,38,1:31:09,2016,5469
516,M,32,1:31:09,2016,5469
517,M,37,1:31:10,2016,5470
518,M,28,1:31:13,2016,5473
519,M,58,1:31:25,2016,5485
520,F,20,1:31:26,2016,5486
521,M,54,1:31:26,2016,5486
522,F,48,1:31:27,2016,5487
523,M,36,1:31:28,2016,5488
524,M,27,1:31:36,2016,5496
525,M,19,1:31:39,2016,5499
526,F,46,1:31:44,2016,5504
527,F,34,1:31:49,2016,5509
528,M,30,1:31:49,2016,5509
529,M,74,1:31:52,2016,5512
530,M,40,1:31:56,2016,5516
531,F,39,1:32:04,2016,5524
532,F,32,1:32:05,2016,5525
533,M,64,1:32:08,2016,5528
534,F,38,1:32:14,2016,5534
535,F,31,1:32:18,2016,5538
536,F,46,1:32:19,2016,5539
537,F,59,1:32:19,2016,5539
538,M,27,1:32:25,2016,5545
539,M,43,1:32:28,2016,5548
540,M,23,1:32:30,2016,5550
541,F,50,1:32:33,2016,5553
542,M,32,1:32:34,2016,5554
543,F,19,1:32:35,2016,5555
544,M,60,1:32:39,2016,5559
545,M,75,1:32:40,2016,5560
546,M,46,1:32:45,2016,5565
547,F,56,1:32:49,2016,5569
548,F,38,1:32:55,2016,5575
549,M,68,1:32:57,2016,5577
550,F,56,1:32:59,2016,5579
551,F,29,1:33:03,2016,5583
552,F,60,1:33:03,2016,5583
553,M,31,1:33:11,2016,5591
554,M,57,1:33:13,2016,5593
555,M,75,1:33:13,2016,5593
556,M,29,1:33:17,2016,5597
557,M,44,1:33:23,2016,5603
558,M,38,1:33:28,2016,5608
559,M,30,1:33:36,2016,5616
560,F,44,1:33:44,2016,5624
561,F,32,1:33:48,2016,5628
562,F,53,1:33:50,2016,5630
563,M,49,1:33:52,2016,5632
564,M,61,1:33:53,2016,5633
565,F,44,1:33:55,2016,5635
566,M,38,1:34:10,2016,5650
567,M,41,1:34:15,2016,5655
568,F,54,1:34:15,2016,5655
569,F,49,1:34:16,2016,5656
570,M,36,1:34:21,2016,5661
571,M,73,1:34:25,2016,5665
572,M,29,1:34:29,2016,5669
573,M,57,1:34:49,2016,5689
574,F,56,1:34:49,2016,5689
575,F,39,1:34:54,2016,5694
576,M,40,1:35:04,2016,5704
577,F,55,1:35:07,2016,5707
578,M,21,1:35:13,2016,5713
579,F,26,1:35:14,2016,5714
580,F,42,1:35:17,2016,5717
581,F,32,1:35:19,2016,5719
582,F,57,1:35:25,2016,5725
583,M,33,1:35:34,2016,5734
584,M,42,1:35:35,2016,5735
585,M,45,1:35:39,2016,5739
586,F,53,1:35:45,2016,5745
587,M,47,1:35:52,2016,5752
588,F,27,1:35:52,2016,5752
589,M,67,1:35:53,2016,5753
590,F,50,1:35:54,2016,5754
591,M,43,1:35:54,2016,5754
592,M,69,1:35:56,2016,5756
593,F,56,1:36:05,2016,5765
594,F,35,1:36:22,2016,5782
595,M,22,1:36:28,2016,5788
596,M,54,1:36:29,2016,5789
597,F,47,1:36:30,2016,5790
598,F,33,1:36:36,2016,5796
599,F,44,1:36:40,2016,5800
600,F,32,1:36:40,2016,5800
601,F,55,1:36:53,2016,5813
602,F,32,1:37:01,2016,5821
603,M,26,1:37:05,2016,5825
604,F,33,1:37:19,2016,5839
605,F,44,1:37:22,2016,5842
606,M,51,1:37:37,2016,5857
607,F,29,1:37:39,2016,5859
608,M,28,1:37:56,2016,5876
609,F,40,1:38:01,2016,5881
610,F,37,1:38:03,2016,5883
611,M,56,1:38:04,2016,5884
612,F,29,1:38:06,2016,5886
613,F,38,1:38:06,2016,5886
614,F,42,1:38:07,2016,5887
615,M,34,1:38:11,2016,5891
616,F,42,1:38:12,2016,5892
617,F,42,1:38:12,2016,5892
618,M,51,1:38:23,2016,5903
619,M,60,1:38:33,2016,5913
620,F,47,1:38:35,2016,5915
621,F,33,1:38:36,2016,5916
622,M,32,1:38:36,2016,5916
623,F,43,1:38:41,2016,5921
624,F,49,1:38:41,2016,5921
625,M,26,1:38:43,2016,5923
626,F,57,1:38:44,2016,5924
627,F,45,1:38:47,2016,5927
628,F,38,1:38:55,2016,5935
629,F,32,1:38:58,2016,5938
630,M,65,1:39:04,2016,5944
631,F,37,1:39:08,2016,5948
632,M,51,1:39:29,2016,5969
633,F,53,1:39:36,2016,5976
634,M,48,1:39:37,2016,5977
635,M,48,1:39:56,2016,5996
636,F,40,1:39:58,2016,5998
637,M,41,1:40:00,2016,6000
638,F,55,1:40:04,2016,6004
639,F,64,1:40:15,2016,6015
640,M,36,1:40:18,2016,6018
641,M,60,1:40:28,2016,6028
642,F,37,1:40:39,2016,6039
643,M,37,1:40:43,2016,6043
644,F,42,1:40:44,2016,6044
645,F,55,1:40:50,2016,6050
646,F,35,1:40:54,2016,6054
647,F,49,1:40:57,2016,6057
648,F,42,1:41:07,2016,6067
649,F,36,1:41:07,2016,6067
650,M,30,1:41:09,2016,6069
651,F,34,1:41:27,2016,6087
652,F,54,1:41:27,2016,6087
653,M,55,1:41:28,2016,6088
654,F,15,1:41:31,2016,6091
655,F,32,1:41:43,2016,6103
656,F,22,1:42:01,2016,6121
657,M,25,1:42:01,2016,6121
658,F,35,1:42:12,2016,6132
659,M,54,1:42:14,2016,6134
660,F,55,1:42:15,2016,6135
661,M,49,1:42:31,2016,6151
662,F,58,1:42:35,2016,6155
663,F,31,1:42:36,2016,6156
664,M,29,1:42:37,2016,6157
665,M,56,1:42:40,2016,6160
666,F,64,1:42:52,2016,6172
667,F,60,1:42:52,2016,6172
668,F,36,1:42:54,2016,6174
669,F,77,1:42:56,2016,6176
670,M,72,1:43:01,2016,6181
671,F,58,1:43:12,2016,6192
672,M,46,1:43:13,2016,6193
673,M,30,1:43:13,2016,6193
674,F,44,1:43:13,2016,6193
675,M,43,1:43:14,2016,6194
676,M,61,1:43:33,2016,6213
677,F,16,1:43:38,2016,6218
678,M,60,1:43:40,2016,6220
679,F,59,1:43:44,2016,6224
680,F,68,1:43:48,2016,6228
681,M,45,1:43:59,2016,6239
682,F,32,1:44:01,2016,6241
683,F,45,1:44:07,2016,6247
684,F,43,1:44:09,2016,6249
685,F,32,1:44:21,2016,6261
686,F,39,1:44:26,2016,6266
687,F,45,1:44:26,2016,6266
688,M,10,1:44:47,2016,6287
689,M,39,1:44:49,2016,6289
690,F,33,1:44:55,2016,6295
691,F,42,1:44:56,2016,6296
692,F,42,1:45:03,2016,6303
693,F,27,1:45:14,2016,6314
694,M,29,1:45:14,2016,6314
695,M,15,1:45:25,2016,6325
696,F,32,1:45:31,2016,6331
697,M,38,1:45:31,2016,6331
698,F,42,1:45:33,2016,6333
699,M,60,1:45:56,2016,6356
700,M,33,1:45:59,2016,6359
701,M,30,1:46:01,2016,6361
702,F,54,1:46:04,2016,6364
703,F,30,1:46:10,2016,6370
704,F,49,1:46:19,2016,6379
705,F,42,1:46:27,2016,6387
706,F,52,1:46:28,2016,6388
707,M,45,1:46:29,2016,6389
708,F,37,1:46:31,2016,6391
709,M,33,1:46:40,2016,6400
710,F,23,1:46:44,2016,6404
711,F,51,1:46:45,2016,6405
712,F,27,1:46:49,2016,6409
713,M,46,1:46:58,2016,6418
714,F,33,1:46:59,2016,6419
715,F,24,1:47:00,2016,6420
716,F,37,1:47:00,2016,6420
717,F,38,1:47:01,2016,6421
718,F,31,1:47:01,2016,6421
719,F,43,1:47:02,2016,6422
720,M,36,1:47:09,2016,6429
721,F,61,1:47:10,2016,6430
722,F,26,1:47:10,2016,6430
723,F,34,1:47:36,2016,6456
724,F,29,1:47:38,2016,6458
725,F,66,1:47:42,2016,6462
726,F,50,1:47:46,2016,6466
727,F,31,1:47:48,2016,6468
728,F,39,1:47:48,2016,6468
729,M,64,1:47:51,2016,6471
730,M,57,1:47:54,2016,6474
731,F,30,1:48:02,2016,6482
732,F,30,1:48:02,2016,6482
733,F,19,1:48:07,2016,6487
734,F,62,1:48:29,2016,6509
735,F,37,1:49:00,2016,6540
736,F,50,1:49:04,2016,6544
737,F,27,1:49:08,2016,6548
738,M,57,1:49:12,2016,6552
739,M,44,1:49:24,2016,6564
740,F,45,1:49:28,2016,6568
741,F,37,1:49:33,2016,6573
742,F,35,1:49:35,2016,6575
743,F,59,1:49:35,2016,6575
744,F,40,1:49:36,2016,6576
745,F,52,1:49:50,2016,6590
746,F,24,1:50:13,2016,6613
747,F,53,1:50:14,2016,6614
748,F,31,1:50:15,2016,6615
749,M,46,1:50:27,2016,6627
750,M,44,1:50:31,2016,6631
751,F,40,1:50:32,2016,6632
752,F,53,1:50:39,2016,6639
753,F,52,1:51:08,2016,6668
754,M,33,1:51:09,2016,6669
755,F,57,1:51:14,2016,6674
756,F,41,1:51:43,2016,6703
757,F,55,1:52:18,2016,6738
758,M,70,1:52:29,2016,6749
759,F,49,1:52:40,2016,6760
760,F,37,1:52:48,2016,6768
761,F,50,1:52:56,2016,6776
762,F,25,1:52:57,2016,6777
763,F,24,1:53:45,2016,6825
764,F,43,1:54:07,2016,6847
765,F,62,1:54:15,2016,6855
766,M,30,1:54:16,2016,6856
767,M,36,1:54:25,2016,6865
768,F,42,1:54:42,2016,6882
769,F,41,1:54:48,2016,6888
770,F,33,1:54:48,2016,6888
771,F,54,1:54:54,2016,6894
772,M,40,1:55:13,2016,6913
773,F,32,1:55:18,2016,6918
774,M,35,1:56:22,2016,6982
775,M,41,1:56:33,2016,6993
776,F,29,1:56:58,2016,7018
777,F,45,1:57:05,2016,7025
778,M,41,1:58:08,2016,7088
779,F,34,1:58:20,2016,7100
780,M,38,1:58:57,2016,7137
781,F,29,1:58:57,2016,7137
782,F,37,1:59:01,2016,7141
783,F,42,1:59:14,2016,7154
784,F,35,1:59:17,2016,7157
785,M,83,1:59:26,2016,7166
786,F,46,1:59:31,2016,7171
787,M,64,1:59:38,2016,7178
788,M,55,1:59:40,2016,7180
789,F,57,1:59:53,2016,7193
790,F,61,1:59:54,2016,7194
791,F,49,2:00:28,2016,7228
792,F,41,2:00:28,2016,7228
793,M,30,2:00:35,2016,7235
794,F,40,2:00:51,2016,7251
795,F,41,2:01:19,2016,7279
796,M,39,2:03:10,2016,7390
797,F,34,2:03:20,2016,7400
798,F,42,2:03:29,2016,7409
799,F,55,2:03:54,2016,7434
800,F,26,2:04:10,2016,7450
801,F,34,2:04:10,2016,7450
802,M,34,2:05:50,2016,7550
803,F,25,2:06:17,2016,7577
804,M,66,2:06:28,2016,7588
805,F,41,2:06:29,2016,7589
806,F,47,2:06:32,2016,7592
807,F,30,2:09:29,2016,7769
808,M,38,2:09:54,2016,7794
809,F,52,2:11:39,2016,7899
810,M,64,2:12:25,2016,7945
811,F,48,2:14:00,2016,8040
812,F,50,2:15:13,2016,8113
813,F,30,2:16:20,2016,8180
814,F,35,2:17:08,2016,8228
815,F,38,2:22:52,2016,8572
816,F,43,2:24:45,2016,8685
817,F,30,2:26:16,2016,8776
818,F,71,2:28:13,2016,8893
819,M,35,2:30:12,2016,9012
820,M,74,2:32:51,2016,9171
821,M,20,51:29,2018,3089
822,M,23,53:02,2018,3182
823,M,20,53:12,2018,3192
824,M,20,53:31,2018,3211
825,M,19,53:37,2018,3217
826,M,20,53:50,2018,3230
827,M,18,54:50,2018,3290
828,M,39,55:06,2018,3306
829,M,26,55:16,2018,3316
830,M,19,55:56,2018,3356
831,M,33,58:46,2018,3526
832,M,36,58:53,2018,3533
833,M,20,59:01,2018,3541
834,M,18,1:00:23,2018,3623
835,M,33,1:00:33,2018,3633
836,M,19,1:00:45,2018,3645
837,M,24,1:01:26,2018,3686
838,M,51,1:01:37,2018,3697
839,M,19,1:01:37,2018,3697
840,M,43,1:02:00,2018,3720
841,M,27,1:02:04,2018,3724
842,M,23,1:02:13,2018,3733
843,M,45,1:02:41,2018,3761
844,M,17,1:03:05,2018,3785
845,M,30,1:03:06,2018,3786
846,M,46,1:03:50,2018,3830
847,M,20,1:04:01,2018,3841
848,M,38,1:04:03,2018,3843
849,M,28,1:04:46,2018,3886
850,M,17,1:05:54,2018,3954
851,M,22,1:06:23,2018,3983
852,M,34,1:06:42,2018,4002
853,M,45,1:06:43,2018,4003
854,M,42,1:06:57,2018,4017
855,M,61,1:06:58,2018,4018
856,F,36,1:07:01,2018,4021
857,M,39,1:07:08,2018,4028
858,M,55,1:07:23,2018,4043
859,M,23,1:07:25,2018,4045
860,M,38,1:07:46,2018,4066
861,M,36,1:07:51,2018,4071
862,M,28,1:07:51,2018,4071
863,M,31,1:08:00,2018,4080
864,M,38,1:08:26,2018,4106
865,M,51,1:08:32,2018,4112
866,M,35,1:08:33,2018,4113
867,M,38,1:09:00,2018,4140
868,F,20,1:09:05,2018,4145
869,M,43,1:09:07,2018,4147
870,M,58,1:09:08,2018,4148
871,M,33,1:09:24,2018,4164
872,M,54,1:09:30,2018,4170
873,M,19,1:09:44,2018,4184
874,F,13,1:10:03,2018,4203
875,F,44,1:10:08,2018,4208
876,M,22,1:10:09,2018,4209
877,F,30,1:10:12,2018,4212
878,M,47,1:10:20,2018,4220
879,M,45,1:10:22,2018,4222
880,M,29,1:10:29,2018,4229
881,M,31,1:10:30,2018,4230
882,M,42,1:10:30,2018,4230
883,F,33,1:10:33,2018,4233
884,M,25,1:10:38,2018,4238
885,F,35,1:10:43,2018,4243
886,M,39,1:11:07,2018,4267
887,M,36,1:11:23,2018,4283
888,F,32,1:11:25,2018,4285
889,M,17,1:11:26,2018,4286
890,M,42,1:11:29,2018,4289
891,M,57,1:11:30,2018,4290
892,M,45,1:11:35,2018,4295
893,M,19,1:11:36,2018,4296
894,M,38,1:11:46,2018,4306
895,M,34,1:11:54,2018,4314
896,F,17,1:11:57,2018,4317
897,M,19,1:11:57,2018,4317
898,F,28,1:12:00,2018,4320
899,F,28,1:12:06,2018,4326
900,M,51,1:12:08,2018,4328
901,M,33,1:12:11,2018,4331
902,M,27,1:12:12,2018,4332
903,F,38,1:12:17,2018,4337
904,M,19,1:12:30,2018,4350
905,M,33,1:12:35,2018,4355
906,M,29,1:12:38,2018,4358
907,F,35,1:12:55,2018,4375
908,M,28,1:13:13,2018,4393
909,M,27,1:13:20,2018,4400
910,M,37,1:13:39,2018,4419
911,F,27,1:13:42,2018,4422
912,M,39,1:13:43,2018,4423
913,F,17,1:13:45,2018,4425
914,F,26,1:13:49,2018,4429
915,F,37,1:13:53,2018,4433
916,F,49,1:14:12,2018,4452
917,F,34,1:14:13,2018,4453
918,M,47,1:14:14,2018,4454
919,M,38,1:14:16,2018,4456
920,M,26,1:14:24,2018,4464
921,M,25,1:14:25,2018,4465
922,M,39,1:14:40,2018,4480
923,M,15,1:14:41,2018,4481
924,M,39,1:14:49,2018,4489
925,M,40,1:14:49,2018,4489
926,M,40,1:14:51,2018,4491
927,F,13,1:15:19,2018,4519
928,M,36,1:15:27,2018,4527
929,M,35,1:15:37,2018,4537
930,M,35,1:15:42,2018,4542
931,F,14,1:15:47,2018,4547
932,M,27,1:15:58,2018,4558
933,M,46,1:16:00,2018,4560
934,M,29,1:16:03,2018,4563
935,M,34,1:16:03,2018,4563
936,F,41,1:16:04,2018,4564
937,F,43,1:16:07,2018,4567
938,M,45,1:16:07,2018,4567
939,M,34,1:16:19,2018,4579
940,M,39,1:16:25,2018,4585
941,M,26,1:16:26,2018,4586
942,M,50,1:16:38,2018,4598
943,F,39,1:16:40,2018,4600
944,M,27,1:16:50,2018,4610
945,F,36,1:16:58,2018,4618
946,F,49,1:17:10,2018,4630
947,M,23,1:17:10,2018,4630
948,F,21,1:17:10,2018,4630
949,M,52,1:17:11,2018,4631
950,M,34,1:17:14,2018,4634
951,M,31,1:17:18,2018,4638
952,M,29,1:17:21,2018,4641
953,M,40,1:17:26,2018,4646
954,M,42,1:17:31,2018,4651
955,M,41,1:17:34,2018,4654
956,F,26,1:17:36,2018,4656
957,M,56,1:17:38,2018,4658
958,M,45,1:17:59,2018,4679
959,M,36,1:18:00,2018,4680
960,M,46,1:18:02,2018,4682
961,M,32,1:18:03,2018,4683
962,F,50,1:18:05,2018,4685
963,M,37,1:18:11,2018,4691
964,F,52,1:18:13,2018,4693
965,M,40,1:18:20,2018,4700
966,M,36,1:18:28,2018,4708
967,F,31,1:18:29,2018,4709
968,M,38,1:18:31,2018,4711
969,F,27,1:18:36,2018,4716
970,M,61,1:18:40,2018,4720
971,F,36,1:18:45,2018,4725
972,M,44,1:18:46,2018,4726
973,M,39,1:18:49,2018,4729
974,M,66,1:19:11,2018,4751
975,M,50,1:19:13,2018,4753
976,F,49,1:19:25,2018,4765
977,M,40,1:19:35,2018,4775
978,M,24,1:19:53,2018,4793
979,M,57,1:19:53,2018,4793
980,M,52,1:19:58,2018,4798
981,M,16,1:20:02,2018,4802
982,M,39,1:20:03,2018,4803
983,M,31,1:20:12,2018,4812
984,M,30,1:20:18,2018,4818
985,M,34,1:20:22,2018,4822
986,F,27,1:20:23,2018,4823
987,M,44,1:20:24,2018,4824
988,F,30,1:20:27,2018,4827
989,M,36,1:20:31,2018,4831
990,M,42,1:20:35,2018,4835
991,M,42,1:20:38,2018,4838
992,M,33,1:20:43,2018,4843
993,M,59,1:20:44,2018,4844
994,M,34,1:20:48,2018,4848
995,F,27,1:20:49,2018,4849
996,F,36,1:20:49,2018,4849
997,M,41,1:20:50,2018,4850
998,M,46,1:20:54,2018,4854
999,F,49,1:21:03,2018,4863
1000,M,35,1:21:17,2018,4877
1001,M,45,1:21:22,2018,4882
1002,F,38,1:21:26,2018,4886
1003,M,31,1:21:30,2018,4890
1004,M,45,1:21:34,2018,4894
1005,F,30,1:21:35,2018,4895
1006,F,28,1:21:36,2018,4896
1007,M,51,1:21:40,2018,4900
1008,F,40,1:21:43,2018,4903
1009,F,26,1:21:44,2018,4904
1010,F,30,1:21:47,2018,4907
1011,M,34,1:21:52,2018,4912
1012,F,32,1:22:00,2018,4920
1013,F,39,1:22:03,2018,4923
1014,M,66,1:22:06,2018,4926
1015,F,33,1:22:06,2018,4926
1016,F,38,1:22:08,2018,4928
1017,F,23,1:22:09,2018,4929
1018,F,54,1:22:11,2018,4931
1019,F,38,1:22:21,2018,4941
1020,M,31,1:22:22,2018,4942
1021,F,32,1:22:22,2018,4942
1022,M,66,1:22:24,2018,4944
1023,M,32,1:22:28,2018,4948
1024,M,41,1:22:32,2018,4952
1025,F,32,1:22:37,2018,4957
1026,F,36,1:22:40,2018,4960
1027,F,55,1:22:42,2018,4962
1028,M,24,1:22:42,2018,4962
1029,M,33,1:22:43,2018,4963
1030,M,40,1:22:50,2018,4970
1031,M,46,1:22:51,2018,4971
1032,M,37,1:22:52,2018,4972
1033,F,51,1:22:53,2018,4973
1034,M,45,1:22:57,2018,4977
1035,M,32,1:22:57,2018,4977
1036,F,17,1:22:58,2018,4978
1037,M,42,1:23:06,2018,4986
1038,F,43,1:23:08,2018,4988
1039,F,32,1:23:12,2018,4992
1040,M,35,1:23:12,2018,4992
1041,M,53,1:23:13,2018,4993
1042,M,51,1:23:18,2018,4998
1043,M,46,1:23:21,2018,5001
1044,M,46,1:23:26,2018,5006
1045,F,32,1:23:35,2018,5015
1046,M,34,1:23:35,2018,5015
1047,F,27,1:23:45,2018,5025
1048,M,58,1:23:50,2018,5030
1049,M,68,1:23:51,2018,5031
1050,M,35,1:23:53,2018,5033
1051,M,57,1:23:56,2018,5036
1052,M,59,1:24:00,2018,5040
1053,M,65,1:24:03,2018,5043
1054,F,52,1:24:06,2018,5046
1055,M,36,1:24:16,2018,5056
1056,F,40,1:24:20,2018,5060
1057,F,35,1:24:25,2018,5065
1058,M,44,1:24:28,2018,5068
1059,M,61,1:24:34,2018,5074
1060,F,36,1:24:34,2018,5074
1061,M,38,1:24:39,2018,5079
1062,M,43,1:24:42,2018,5082
1063,F,39,1:24:44,2018,5084
1064,F,42,1:24:46,2018,5086
1065,F,51,1:24:48,2018,5088
1066,M,28,1:24:50,2018,5090
1067,M,36,1:24:51,2018,5091
1068,F,51,1:25:04,2018,5104
1069,M,31,1:25:08,2018,5108
1070,F,30,1:25:09,2018,5109
1071,M,38,1:25:10,2018,5110
1072,F,24,1:25:15,2018,5115
1073,M,54,1:25:21,2018,5121
1074,M,37,1:25:22,2018,5122
1075,F,36,1:25:24,2018,5124
1076,M,36,1:25:26,2018,5126
1077,F,35,1:25:28,2018,5128
1078,M,23,1:25:33,2018,5133
1079,M,40,1:25:40,2018,5140
1080,F,26,1:25:43,2018,5143
1081,M,45,1:25:43,2018,5143
1082,M,39,1:25:49,2018,5149
1083,F,42,1:25:50,2018,5150
1084,F,34,1:25:51,2018,5151
1085,M,52,1:25:51,2018,5151
1086,M,59,1:25:51,2018,5151
1087,F,49,1:26:02,2018,5162
1088,M,56,1:26:04,2018,5164
1089,F,39,1:26:04,2018,5164
1090,F,18,1:26:09,2018,5169
1091,F,50,1:26:13,2018,5173
1092,M,28,1:26:17,2018,5177
1093,M,54,1:26:18,2018,5178
1094,M,32,1:26:19,2018,5179
1095,F,18,1:26:25,2018,5185
1096,F,34,1:26:26,2018,5186
1097,F,38,1:26:27,2018,5187
1098,F,35,1:26:27,2018,5187
1099,F,26,1:26:31,2018,5191
1100,F,28,1:26:35,2018,5195
1101,M,51,1:26:36,2018,5196
1102,M,31,1:26:38,2018,5198
1103,F,23,1:26:41,2018,5201
1104,M,19,1:26:41,2018,5201
1105,M,64,1:26:42,2018,5202
1106,M,45,1:26:44,2018,5204
1107,M,26,1:26:45,2018,5205
1108,M,40,1:26:52,2018,5212
1109,F,35,1:26:55,2018,5215
1110,M,51,1:26:57,2018,5217
1111,M,57,1:27:12,2018,5232
1112,M,27,1:27:17,2018,5237
1113,M,47,1:27:22,2018,5242
1114,F,34,1:27:26,2018,5246
1115,M,28,1:27:34,2018,5254
1116,F,35,1:27:35,2018,5255
1117,M,32,1:27:36,2018,5256
1118,F,47,1:27:39,2018,5259
1119,M,47,1:27:44,2018,5264
1120,M,54,1:27:44,2018,5264
1121,F,36,1:27:45,2018,5265
1122,M,28,1:27:52,2018,5272
1123,F,29,1:27:52,2018,5272
1124,F,16,1:27:55,2018,5275
1125,F,43,1:27:57,2018,5277
1126,F,50,1:28:00,2018,5280
1127,F,45,1:28:03,2018,5283
1128,F,33,1:28:10,2018,5290
1129,F,15,1:28:11,2018,5291
1130,F,38,1:28:13,2018,5293
1131,M,35,1:28:13,2018,5293
1132,M,31,1:28:15,2018,5295
1133,F,51,1:28:17,2018,5297
1134,F,59,1:28:17,2018,5297
1135,M,36,1:28:18,2018,5298
1136,M,47,1:28:19,2018,5299
1137,M,32,1:28:22,2018,5302
1138,M,46,1:28:24,2018,5304
1139,M,63,1:28:27,2018,5307
1140,F,21,1:28:29,2018,5309
1141,F,31,1:28:31,2018,5311
1142,M,51,1:28:32,2018,5312
1143,F,41,1:28:32,2018,5312
1144,F,58,1:28:34,2018,5314
1145,M,35,1:28:35,2018,5315
1146,M,54,1:28:36,2018,5316
1147,M,34,1:28:37,2018,5317
1148,M,35,1:28:44,2018,5324
1149,M,50,1:28:45,2018,5325
1150,F,63,1:28:51,2018,5331
1151,M,48,1:28:54,2018,5334
1152,M,68,1:28:54,2018,5334
1153,M,30,1:28:58,2018,5338
1154,F,38,1:29:01,2018,5341
1155,M,63,1:29:04,2018,5344
1156,M,40,1:29:06,2018,5346
1157,F,62,1:29:13,2018,5353
1158,F,36,1:29:15,2018,5355
1159,F,60,1:29:16,2018,5356
1160,M,42,1:29:16,2018,5356
1161,F,22,1:29:27,2018,5367
1162,M,39,1:29:32,2018,5372
1163,F,51,1:29:54,2018,5394
1164,F,65,1:30:06,2018,5406
1165,F,48,1:30:07,2018,5407
1166,F,46,1:30:08,2018,5408
1167,M,36,1:30:09,2018,5409
1168,F,29,1:30:13,2018,5413
1169,M,41,1:30:19,2018,5419
1170,F,47,1:30:20,2018,5420
1171,M,42,1:30:21,2018,5421
1172,F,30,1:30:27,2018,5427
1173,M,63,1:30:32,2018,5432
1174,M,58,1:30:37,2018,5437
1175,M,47,1:30:40,2018,5440
1176,F,41,1:30:40,2018,5440
1177,F,39,1:30:41,2018,5441
1178,F,24,1:30:43,2018,5443
1179,M,28,1:30:44,2018,5444
1180,M,65,1:30:47,2018,5447
1181,F,34,1:30:47,2018,5447
1182,F,32,1:30:53,2018,5453
1183,M,25,1:30:55,2018,5455
1184,F,36,1:30:55,2018,5455
1185,M,45,1:30:56,2018,5456
1186,F,35,1:30:57,2018,5457
1187,F,40,1:31:04,2018,5464
1188,F,32,1:31:15,2018,5475
1189,F,26,1:31:17,2018,5477
1190,F,28,1:31:24,2018,5484
1191,M,61,1:31:28,2018,5488
1192,F,25,1:31:32,2018,5492
1193,M,49,1:31:35,2018,5495
1194,M,67,1:31:45,2018,5505
1195,M,54,1:31:46,2018,5506
1196,M,34,1:32:06,2018,5526
1197,M,35,1:32:17,2018,5537
1198,M,35,1:32:20,2018,5540
1199,M,53,1:32:21,2018,5541
1200,F,17,1:32:21,2018,5541
1201,F,47,1:32:23,2018,5543
1202,M,58,1:33:02,2018,5582
1203,M,49,1:33:09,2018,5589
1204,M,68,1:33:10,2018,5590
1205,F,62,1:33:12,2018,5592
1206,F,58,1:33:14,2018,5594
1207,F,33,1:33:20,2018,5600
1208,F,35,1:33:22,2018,5602
1209,M,36,1:33:22,2018,5602
1210,M,48,1:33:27,2018,5607
1211,M,21,1:33:28,2018,5608
1212,M,48,1:33:32,2018,5612
1213,F,29,1:33:40,2018,5620
1214,M,51,1:33:48,2018,5628
1215,M,46,1:33:56,2018,5636
1216,F,45,1:34:06,2018,5646
1217,M,30,1:34:15,2018,5655
1218,F,33,1:34:16,2018,5656
1219,F,40,1:34:20,2018,5660
1220,F,33,1:34:20,2018,5660
1221,F,57,1:34:21,2018,5661
1222,M,28,1:34:22,2018,5662
1223,M,53,1:34:26,2018,5666
1224,M,28,1:34:26,2018,5666
1225,F,28,1:34:28,2018,5668
1226,F,29,1:34:28,2018,5668
1227,M,21,1:34:38,2018,5678
1228,F,45,1:34:41,2018,5681
1229,M,48,1:34:44,2018,5684
1230,F,63,1:34:46,2018,5686
1231,M,20,1:34:49,2018,5689
1232,F,36,1:34:51,2018,5691
1233,M,22,1:34:55,2018,5695
1234,F,23,1:35:02,2018,5702
1235,M,50,1:35:03,2018,5703
1236,M,61,1:35:08,2018,5708
1237,M,28,1:35:18,2018,5718
1238,F,52,1:35:28,2018,5728
1239,F,45,1:35:37,2018,5737
1240,F,33,1:35:42,2018,5742
1241,F,39,1:35:46,2018,5746
1242,M,38,1:35:53,2018,5753
1243,F,51,1:35:54,2018,5754
1244,F,60,1:35:59,2018,5759
1245,F,36,1:36:02,2018,5762
1246,M,43,1:36:09,2018,5769
1247,F,48,1:36:30,2018,5790
1248,M,27,1:36:41,2018,5801
1249,M,32,1:36:41,2018,5801
1250,M,60,1:36:44,2018,5804
1251,M,37,1:37:03,2018,5823
1252,F,24,1:37:15,2018,5835
1253,M,60,1:37:15,2018,5835
1254,F,55,1:37:25,2018,5845
1255,F,54,1:37:25,2018,5845
1256,M,30,1:37:33,2018,5853
1257,F,33,1:37:49,2018,5869
1258,M,37,1:37:53,2018,5873
1259,M,34,1:37:58,2018,5878
1260,M,51,1:38:00,2018,5880
1261,F,49,1:38:02,2018,5882
1262,M,62,1:38:05,2018,5885
1263,F,51,1:38:10,2018,5890
1264,F,25,1:38:20,2018,5900
1265,M,32,1:38:24,2018,5904
1266,M,36,1:38:24,2018,5904
1267,M,59,1:38:31,2018,5911
1268,M,14,1:38:33,2018,5913
1269,M,27,1:38:45,2018,5925
1270,F,31,1:38:47,2018,5927
1271,M,50,1:38:50,2018,5930
1272,M,55,1:39:03,2018,5943
1273,F,45,1:39:04,2018,5944
1274,M,40,1:39:09,2018,5949
1275,F,21,1:39:10,2018,5950
1276,M,37,1:39:18,2018,5958
1277,F,44,1:39:18,2018,5958
1278,F,54,1:39:23,2018,5963
1279,M,55,1:39:25,2018,5965
1280,M,33,1:39:28,2018,5968
1281,F,53,1:39:30,2018,5970
1282,M,49,1:39:41,2018,5981
1283,F,49,1:39:45,2018,5985
1284,M,63,1:39:47,2018,5987
1285,F,55,1:40:03,2018,6003
1286,F,40,1:40:05,2018,6005
1287,F,49,1:40:10,2018,6010
1288,F,40,1:40:12,2018,6012
1289,F,32,1:40:14,2018,6014
1290,F,25,1:40:15,2018,6015
1291,M,58,1:40:27,2018,6027
1292,M,35,1:40:36,2018,6036
1293,M,47,1:40:37,2018,6037
1294,M,50,1:40:39,2018,6039
1295,M,63,1:40:56,2018,6056
1296,F,31,1:40:56,2018,6056
1297,F,29,1:41:23,2018,6083
1298,F,39,1:41:27,2018,6087
1299,F,57,1:41:31,2018,6091
1300,M,51,1:41:43,2018,6103
1301,M,58,1:41:59,2018,6119
1302,F,36,1:42:03,2018,6123
1303,M,41,1:42:03,2018,6123
1304,F,56,1:42:04,2018,6124
1305,M,52,1:42:18,2018,6138
1306,F,25,1:42:20,2018,6140
1307,F,52,1:42:20,2018,6140
1308,M,49,1:42:26,2018,6146
1309,F,43,1:42:32,2018,6152
1310,M,50,1:42:33,2018,6153
1311,M,35,1:42:34,2018,6154
1312,M,28,1:43:02,2018,6182
1313,M,57,1:43:06,2018,6186
1314,F,32,1:43:07,2018,6187
1315,M,48,1:43:22,2018,6202
1316,M,25,1:43:26,2018,6206
1317,F,37,1:43:28,2018,6208
1318,M,20,1:43:36,2018,6216
1319,M,62,1:43:37,2018,6217
1320,F,31,1:43:40,2018,6220
1321,F,29,1:43:43,2018,6223
1322,M,38,1:43:44,2018,6224
1323,F,29,1:43:44,2018,6224
1324,F,29,1:43:48,2018,6228
1325,F,41,1:43:52,2018,6232
1326,M,26,1:43:56,2018,6236
1327,F,49,1:44:01,2018,6241
1328,F,40,1:44:02,2018,6242
1329,M,55,1:44:07,2018,6247
1330,F,54,1:44:13,2018,6253
1331,F,34,1:44:17,2018,6257
1332,M,38,1:44:23,2018,6263
1333,M,60,1:44:26,2018,6266
1334,F,24,1:44:41,2018,6281
1335,F,30,1:44:52,2018,6292
1336,F,52,1:44:54,2018,6294
1337,M,28,1:45:00,2018,6300
1338,F,32,1:45:09,2018,6309
1339,F,58,1:45:17,2018,6317
1340,M,49,1:45:47,2018,6347
1341,M,57,1:45:47,2018,6347
1342,F,38,1:45:51,2018,6351
1343,F,29,1:46:01,2018,6361
1344,F,25,1:46:02,2018,6362
1345,F,31,1:46:33,2018,6393
1346,F,36,1:46:35,2018,6395
1347,M,60,1:46:36,2018,6396
1348,F,40,1:46:36,2018,6396
1349,M,37,1:46:40,2018,6400
1350,F,55,1:47:01,2018,6421
1351,F,30,1:47:17,2018,6437
1352,M,30,1:47:17,2018,6437
1353,F,27,1:47:27,2018,6447
1354,M,39,1:47:33,2018,6453
1355,F,37,1:47:34,2018,6454
1356,F,27,1:47:44,2018,6464
1357,M,21,1:47:50,2018,6470
1358,M,35,1:47:54,2018,6474
1359,M,39,1:48:13,2018,6493
1360,M,33,1:48:22,2018,6502
1361,F,32,1:48:49,2018,6529
1362,M,31,1:48:52,2018,6532
1363,M,50,1:48:56,2018,6536
1364,F,47,1:48:56,2018,6536
1365,F,42,1:48:56,2018,6536
1366,M,63,1:48:59,2018,6539
1367,F,37,1:49:27,2018,6567
1368,F,24,1:49:37,2018,6577
1369,F,53,1:49:40,2018,6580
1370,F,34,1:49:43,2018,6583
1371,F,35,1:49:43,2018,6583
1372,F,25,1:49:45,2018,6585
1373,M,43,1:49:49,2018,6589
1374,F,26,1:49:50,2018,6590
1375,F,45,1:49:57,2018,6597
1376,M,29,1:50:02,2018,6602
1377,M,39,1:50:10,2018,6610
1378,F,20,1:50:11,2018,6611
1379,F,36,1:50:12,2018,6612
1380,F,43,1:50:12,2018,6612
1381,M,32,1:50:25,2018,6625
1382,F,26,1:50:35,2018,6635
1383,F,31,1:50:44,2018,6644
1384,F,36,1:50:57,2018,6657
1385,F,54,1:51:24,2018,6684
1386,F,59,1:51:26,2018,6686
1387,F,26,1:51:41,2018,6701
1388,M,61,1:51:43,2018,6703
1389,F,39,1:51:47,2018,6707
1390,M,31,1:52:36,2018,6756
1391,F,32,1:52:56,2018,6776
1392,M,35,1:53:17,2018,6797
1393,M,27,1:53:31,2018,6811
1394,F,24,1:53:38,2018,6818
1395,F,57,1:56:17,2018,6977
1396,F,56,1:56:42,2018,7002
1397,M,40,1:56:48,2018,7008
1398,M,32,1:56:58,2018,7018
1399,M,23,1:56:58,2018,7018
1400,F,28,1:57:00,2018,7020
1401,F,48,1:57:15,2018,7035
1402,F,51,1:57:15,2018,7035
1403,F,43,1:57:17,2018,7037
1404,F,37,1:57:21,2018,7041
1405,M,62,1:57:31,2018,7051
1406,F,59,1:57:33,2018,7053
1407,F,31,1:57:36,2018,7056
1408,F,30,1:57:57,2018,7077
1409,M,35,1:57:57,2018,7077
1410,M,21,1:58:06,2018,7086
1411,M,27,1:58:24,2018,7104
1412,M,65,1:58:29,2018,7109
1413,F,43,1:58:45,2018,7125
1414,F,62,1:58:50,2018,7130
1415,F,43,1:58:51,2018,7131
1416,F,56,1:58:52,2018,7132
1417,M,48,1:59:01,2018,7141
1418,F,37,1:59:07,2018,7147
1419,F,30,1:59:10,2018,7150
1420,F,38,1:59:35,2018,7175
1421,F,37,2:00:01,2018,7201
1422,M,48,2:00:08,2018,7208
1423,F,79,2:00:53,2018,7253
1424,F,58,2:01:12,2018,7272
1425,F,61,2:02:16,2018,7336
1426,F,27,2:02:17,2018,7337
1427,F,39,2:02:41,2018,7361
1428,M,42,2:02:42,2018,7362
1429,M,36,2:02:46,2018,7366
1430,F,26,2:02:59,2018,7379
1431,M,54,2:03:10,2018,7390
1432,M,53,2:03:26,2018,7406
1433,M,77,2:03:50,2018,7430
1434,F,49,2:03:53,2018,7433
1435,M,25,2:03:56,2018,7436
1436,F,43,2:04:17,2018,7457
1437,M,72,2:04:44,2018,7484
1438,F,68,2:04:57,2018,7497
1439,M,31,2:05:34,2018,7534
1440,F,29,2:05:34,2018,7534
1441,F,33,2:05:34,2018,7534
1442,M,41,2:05:55,2018,7555
1443,F,58,2:07:04,2018,7624
1444,F,48,2:07:36,2018,7656
1445,M,57,2:07:48,2018,7668
1446,M,53,2:07:59,2018,7679
1447,M,46,2:08:03,2018,7683
1448,F,57,2:08:16,2018,7696
1449,F,59,2:09:02,2018,7742
1450,F,36,2:10:53,2018,7853
1451,F,40,2:11:22,2018,7882
1452,F,28,2:12:10,2018,7930
1453,F,51,2:12:21,2018,7941
1454,M,34,2:12:48,2018,7968
1455,F,34,2:13:17,2018,7997
1456,F,59,2:13:17,2018,7997
1457,M,31,2:14:18,2018,8058
1458,F,34,2:14:39,2018,8079
1459,F,63,2:15:15,2018,8115
1460,M,58,2:15:55,2018,8155
1461,F,43,2:19:34,2018,8374
1462,F,26,2:19:58,2018,8398
1463,F,45,2:20:40,2018,8440
1464,F,15,2:21:24,2018,8484
1465,F,43,2:21:25,2018,8485
1466,F,54,2:21:52,2018,8512
1467,M,39,2:21:53,2018,8513
1468,F,51,2:22:50,2018,8570
1469,F,39,2:24:01,2018,8641
1470,M,56,2:24:27,2018,8667
1471,F,35,2:25:18,2018,8718
1472,M,55,2:39:29,2018,9569
1473,F,48,2:41:16,2018,9676
1474,M,31,3:03:19,2018,10999
1475,F,58,3:18:07,2018,11887
1476,M,23,53:00,2022,3180
1477,M,27,53:04,2022,3184
1478,M,43,53:30,2022,3210
1479,M,27,54:18,2022,3258
1480,M,29,55:09,2022,3309
1481,M,39,59:56,2022,3596
1482,M,33,1:01:07,2022,3667
1483,F,27,1:01:14,2022,3674
1484,M,33,1:01:15,2022,3675
1485,M,19,1:02:07,2022,3727
1486,M,36,1:02:23,2022,3743
1487,M,42,1:02:26,2022,3746
1488,M,31,1:02:34,2022,3754
1489,M,33,1:03:42,2022,3822
1490,M,32,1:03:47,2022,3827
1491,M,47,1:04:38,2022,3878
1492,M,18,1:05:02,2022,3902
1493,M,43,1:05:12,2022,3912
1494,M,49,1:05:22,2022,3922
1495,F,37,1:05:28,2022,3928
1496,M,16,1:06:59,2022,4019
1497,M,57,1:07:04,2022,4024
1498,M,46,1:07:05,2022,4025
1499,M,65,1:07:36,2022,4056
1500,M,37,1:08:03,2022,4083
1501,F,48,1:08:20,2022,4100
1502,M,44,1:08:35,2022,4115
1503,F,39,1:08:42,2022,4122
1504,M,61,1:08:54,2022,4134
1505,M,39,1:09:05,2022,4145
1506,F,24,1:09:08,2022,4148
1507,M,50,1:09:08,2022,4148
1508,M,27,1:09:11,2022,4151
1509,M,39,1:09:14,2022,4154
1510,M,26,1:09:18,2022,4158
1511,M,51,1:09:31,2022,4171
1512,M,35,1:09:55,2022,4195
1513,M,41,1:10:19,2022,4219
1514,M,43,1:10:57,2022,4257
1515,M,35,1:11:00,2022,4260
1516,M,38,1:11:00,2022,4260
1517,M,35,1:11:01,2022,4261
1518,M,34,1:11:16,2022,4276
1519,M,26,1:11:19,2022,4279
1520,M,49,1:11:23,2022,4283
1521,M,44,1:11:47,2022,4307
1522,F,41,1:11:50,2022,4310
1523,M,37,1:11:58,2022,4318
1524,M,36,1:12:13,2022,4333
1525,M,36,1:12:41,2022,4361
1526,M,35,1:12:56,2022,4376
1527,M,29,1:13:08,2022,4388
1528,F,46,1:13:12,2022,4392
1529,M,53,1:13:18,2022,4398
1530,F,37,1:13:23,2022,4403
1531,M,29,1:13:50,2022,4430
1532,F,40,1:14:01,2022,4441
1533,M,17,1:14:04,2022,4444
1534,F,26,1:14:05,2022,4445
1535,M,35,1:14:06,2022,4446
1536,M,32,1:14:33,2022,4473
1537,M,31,1:14:37,2022,4477
1538,M,40,1:14:58,2022,4498
1539,M,21,1:15:00,2022,4500
1540,F,22,1:15:03,2022,4503
1541,M,48,1:15:27,2022,4527
1542,M,40,1:15:56,2022,4556
1543,F,16,1:16:02,2022,4562
1544,M,49,1:16:29,2022,4589
1545,M,29,1:16:33,2022,4593
1546,M,46,1:16:35,2022,4595
1547,M,51,1:16:46,2022,4606
1548,M,55,1:16:53,2022,4613
1549,M,32,1:16:59,2022,4619
1550,M,42,1:17:05,2022,4625
1551,M,41,1:17:08,2022,4628
1552,M,33,1:17:10,2022,4630
1553,M,57,1:17:12,2022,4632
1554,M,41,1:17:19,2022,4639
1555,F,33,1:17:21,2022,4641
1556,F,18,1:17:24,2022,4644
1557,F,15,1:17:24,2022,4644
1558,M,47,1:17:26,2022,4646
1559,M,67,1:17:27,2022,4647
1560,F,44,1:17:28,2022,4648
1561,F,36,1:17:32,2022,4652
1562,M,21,1:17:32,2022,4652
1563,M,37,1:17:38,2022,4658
1564,M,48,1:17:54,2022,4674
1565,M,48,1:18:08,2022,4688
1566,M,63,1:18:10,2022,4690
1567,F,28,1:18:17,2022,4697
1568,M,35,1:18:18,2022,4698
1569,M,37,1:18:27,2022,4707
1570,F,30,1:18:30,2022,4710
1571,F,23,1:18:34,2022,4714
1572,M,24,1:18:34,2022,4714
1573,F,31,1:18:49,2022,4729
1574,F,58,1:18:53,2022,4733
1575,M,37,1:19:24,2022,4764
1576,M,63,1:19:25,2022,4765
1577,M,35,1:19:27,2022,4767
1578,M,32,1:19:31,2022,4771
1579,M,32,1:20:02,2022,4802
1580,F,32,1:20:06,2022,4806
1581,F,32,1:20:10,2022,4810
1582,M,26,1:20:28,2022,4828
1583,M,24,1:20:38,2022,4838
1584,F,54,1:20:46,2022,4846
1585,M,52,1:20:51,2022,4851
1586,M,56,1:21:22,2022,4882
1587,M,53,1:21:24,2022,4884
1588,M,47,1:21:35,2022,4895
1589,M,51,1:22:01,2022,4921
1590,F,34,1:22:19,2022,4939
1591,M,63,1:22:21,2022,4941
1592,M,48,1:22:31,2022,4951
1593,M,60,1:22:32,2022,4952
1594,M,65,1:22:33,2022,4953
1595,M,62,1:23:04,2022,4984
1596,M,33,1:23:07,2022,4987
1597,F,43,1:23:11,2022,4991
1598,F,55,1:23:22,2022,5002
1599,M,51,1:23:24,2022,5004
1600,F,44,1:23:24,2022,5004
1601,M,34,1:23:30,2022,5010
1602,M,60,1:23:37,2022,5017
1603,M,40,1:23:54,2022,5034
1604,M,70,1:23:59,2022,5039
1605,M,40,1:24:02,2022,5042
1606,M,33,1:24:08,2022,5048
1607,F,64,1:24:20,2022,5060
1608,F,36,1:24:20,2022,5060
1609,M,55,1:24:40,2022,5080
1610,F,34,1:25:00,2022,5100
1611,M,23,1:25:01,2022,5101
1612,F,37,1:25:02,2022,5102
1613,F,39,1:25:06,2022,5106
1614,F,31,1:25:16,2022,5116
1615,M,49,1:25:16,2022,5116
1616,F,53,1:25:19,2022,5119
1617,M,43,1:25:27,2022,5127
1618,M,71,1:25:31,2022,5131
1619,F,44,1:25:51,2022,5151
1620,F,49,1:25:56,2022,5156
1621,M,39,1:26:23,2022,5183
1622,M,32,1:26:46,2022,5206
1623,F,46,1:27:04,2022,5224
1624,M,53,1:27:12,2022,5232
1625,M,53,1:27:12,2022,5232
1626,F,46,1:27:13,2022,5233
1627,M,43,1:27:16,2022,5236
1628,F,59,1:27:22,2022,5242
1629,F,40,1:27:29,2022,5249
1630,M,36,1:27:29,2022,5249
1631,M,59,1:27:30,2022,5250
1632,M,38,1:27:39,2022,5259
1633,F,38,1:27:48,2022,5268
1634,F,66,1:27:51,2022,5271
1635,F,41,1:27:56,2022,5276
1636,M,31,1:27:57,2022,5277
1637,M,65,1:28:02,2022,5282
1638,F,21,1:28:09,2022,5289
1639,F,29,1:28:10,2022,5290
1640,M,64,1:28:10,2022,5290
1641,M,44,1:28:12,2022,5292
1642,M,33,1:28:14,2022,5294
1643,M,41,1:28:16,2022,5296
1644,M,68,1:28:19,2022,5299
1645,F,35,1:28:39,2022,5319
1646,M,54,1:28:41,2022,5321
1647,M,40,1:28:53,2022,5333
1648,F,38,1:29:31,2022,5371
1649,M,69,1:29:31,2022,5371
1650,M,40,1:29:35,2022,5375
1651,M,39,1:29:47,2022,5387
1652,M,31,1:29:48,2022,5388
1653,F,55,1:29:54,2022,5394
1654,F,68,1:30:16,2022,5416
1655,M,52,1:30:17,2022,5417
1656,F,29,1:30:18,2022,5418
1657,M,36,1:30:20,2022,5420
1658,M,28,1:30:33,2022,5433
1659,F,23,1:30:40,2022,5440
1660,F,34,1:30:45,2022,5445
1661,F,40,1:30:49,2022,5449
1662,F,55,1:31:24,2022,5484
1663,M,30,1:31:33,2022,5493
1664,F,46,1:31:35,2022,5495
1665,F,38,1:31:45,2022,5505
1666,F,52,1:31:51,2022,5511
1667,F,50,1:31:51,2022,5511
1668,F,44,1:32:20,2022,5540
1669,M,61,1:32:43,2022,5563
1670,F,37,1:33:17,2022,5597
1671,F,29,1:33:19,2022,5599
1672,M,29,1:33:19,2022,5599
1673,M,52,1:33:20,2022,5600
1674,M,42,1:33:20,2022,5600
1675,M,17,1:33:40,2022,5620
1676,M,37,1:34:09,2022,5649
1677,F,42,1:34:11,2022,5651
1678,F,30,1:34:24,2022,5664
1679,F,31,1:34:35,2022,5675
1680,F,37,1:34:42,2022,5682
1681,M,37,1:34:45,2022,5685
1682,F,39,1:34:46,2022,5686
1683,M,29,1:34:47,2022,5687
1684,F,41,1:34:48,2022,5688
1685,F,57,1:35:28,2022,5728
1686,M,49,1:35:40,2022,5740
1687,F,49,1:35:47,2022,5747
1688,F,40,1:36:12,2022,5772
1689,F,44,1:36:14,2022,5774
1690,F,48,1:36:20,2022,5780
1691,M,33,1:36:40,2022,5800
1692,F,53,1:36:49,2022,5809
1693,F,37,1:37:34,2022,5854
1694,F,56,1:37:40,2022,5860
1695,F,41,1:37:56,2022,5876
1696,F,40,1:38:09,2022,5889
1697,M,58,1:38:17,2022,5897
1698,M,26,1:38:55,2022,5935
1699,F,36,1:38:56,2022,5936
1700,M,59,1:39:00,2022,5940
1701,M,29,1:39:00,2022,5940
1702,F,59,1:39:30,2022,5970
1703,F,23,1:39:32,2022,5972
1704,F,33,1:40:42,2022,6042
1705,F,32,1:40:50,2022,6050
1706,F,42,1:40:57,2022,6057
1707,F,54,1:41:06,2022,6066
1708,M,29,1:41:06,2022,6066
1709,F,44,1:41:13,2022,6073
1710,F,42,1:41:48,2022,6108
1711,M,32,1:42:15,2022,6135
1712,M,43,1:42:28,2022,6148
1713,F,52,1:42:38,2022,6158
1714,F,37,1:43:16,2022,6196
1715,F,63,1:43:51,2022,6231
1716,F,24,1:43:51,2022,6231
1717,F,38,1:44:17,2022,6257
1718,F,30,1:44:36,2022,6276
1719,F,24,1:45:03,2022,6303
1720,F,23,1:45:04,2022,6304
1721,M,49,1:45:35,2022,6335
1722,M,47,1:46:10,2022,6370
1723,M,64,1:46:42,2022,6402
1724,M,46,1:47:16,2022,6436
1725,F,36,1:47:16,2022,6436
1726,F,38,1:47:17,2022,6437
1727,F,37,1:48:55,2022,6535
1728,F,32,1:48:55,2022,6535
1729,M,39,1:48:57,2022,6537
1730,F,41,1:49:55,2022,6595
1731,F,50,1:49:59,2022,6599
1732,M,34,1:49:59,2022,6599
1733,F,70,1:50:36,2022,6636
1734,F,43,1:50:38,2022,6638
1735,F,38,1:51:38,2022,6698
1736,M,36,1:51:39,2022,6699
1737,M,66,1:51:58,2022,6718
1738,F,47,1:52:07,2022,6727
1739,F,54,1:52:26,2022,6746
1740,F,67,1:52:30,2022,6750
1741,F,62,1:52:36,2022,6756
1742,M,39,1:52:36,2022,6756
1743,F,64,1:52:56,2022,6776
1744,M,54,1:53:21,2022,6801
1745,M,36,1:53:46,2022,6826
1746,F,63,1:54:16,2022,6856
1747,F,47,1:54:59,2022,6899
1748,F,38,1:55:07,2022,6907
1749,F,47,1:55:12,2022,6912
1750,F,54,1:55:24,2022,6924
1751,F,41,1:55:38,2022,6938
1752,M,52,1:55:58,2022,6958
1753,F,25,1:56:47,2022,7007
1754,F,61,1:57:08,2022,7028
1755,M,61,1:57:34,2022,7054
1756,F,47,1:58:49,2022,7129
1757,F,49,1:59:10,2022,7150
1758,F,40,2:00:05,2022,7205
1759,F,31,2:00:05,2022,7205
1760,F,62,2:03:07,2022,7387
1761,M,73,2:08:28,2022,7708
1762,F,11,2:10:24,2022,7824
1763,F,60,2:10:31,2022,7831
1764,F,49,2:10:55,2022,7855
1765,M,61,2:13:18,2022,7998
1766,F,71,2:16:10,2022,8170
1767,M,61,2:21:52,2022,8512
1768,F,39,2:25:58,2022,8758
1769,M,21,51:11,2017,3071
1770,M,19,52:12,2017,3132
1771,M,30,53:08,2017,3188
1772,M,22,53:41,2017,3221
1773,M,24,54:37,2017,3277
1774,M,19,54:39,2017,3279
1775,M,38,55:07,2017,3307
1776,M,25,55:14,2017,3314
1777,M,34,55:19,2017,3319
1778,M,18,56:47,2017,3407
1779,M,19,56:53,2017,3413
1780,M,28,57:10,2017,3430
1781,M,40,57:20,2017,3440
1782,M,42,58:31,2017,3511
1783,M,16,59:39,2017,3579
1784,M,35,59:45,2017,3585
1785,M,22,1:00:04,2017,3604
1786,M,42,1:00:24,2017,3624
1787,F,25,1:00:36,2017,3636
1788,M,25,1:00:38,2017,3638
1789,M,32,1:01:01,2017,3661
1790,F,31,1:01:04,2017,3664
1791,M,18,1:01:06,2017,3666
1792,M,44,1:01:22,2017,3682
1793,M,19,1:01:30,2017,3690
1794,M,30,1:01:32,2017,3692
1795,M,27,1:01:50,2017,3710
1796,M,35,1:02:08,2017,3728
1797,M,24,1:02:13,2017,3733
1798,M,23,1:02:21,2017,3741
1799,F,29,1:03:30,2017,3810
1800,M,21,1:03:32,2017,3812
1801,M,36,1:03:47,2017,3827
1802,M,16,1:04:09,2017,3849
1803,M,45,1:04:16,2017,3856
1804,F,25,1:04:33,2017,3873
1805,M,24,1:04:45,2017,3885
1806,M,37,1:04:46,2017,3886
1807,M,27,1:05:18,2017,3918
1808,M,41,1:05:28,2017,3928
1809,M,17,1:05:29,2017,3929
1810,M,37,1:05:30,2017,3930
1811,M,40,1:05:35,2017,3935
1812,M,29,1:05:40,2017,3940
1813,M,34,1:05:56,2017,3956
1814,M,38,1:06:05,2017,3965
1815,M,15,1:06:08,2017,3968
1816,M,60,1:06:36,2017,3996
1817,F,23,1:06:44,2017,4004
1818,M,33,1:06:57,2017,4017
1819,M,18,1:07:06,2017,4026
1820,F,26,1:07:32,2017,4052
1821,M,35,1:07:59,2017,4079
1822,M,53,1:08:02,2017,4082
1823,M,31,1:08:13,2017,4093
1824,F,35,1:08:14,2017,4094
1825,M,36,1:08:20,2017,4100
1826,F,34,1:08:22,2017,4102
1827,F,19,1:08:45,2017,4125
1828,F,25,1:08:53,2017,4133
1829,M,27,1:09:08,2017,4148
1830,M,38,1:09:14,2017,4154
1831,F,17,1:09:52,2017,4192
1832,F,12,1:09:52,2017,4192
1833,M,57,1:09:53,2017,4193
1834,M,37,1:09:54,2017,4194
1835,M,41,1:10:02,2017,4202
1836,F,21,1:10:03,2017,4203
1837,M,49,1:10:04,2017,4204
1838,M,54,1:10:29,2017,4229
1839,M,32,1:10:37,2017,4237
1840,M,26,1:10:47,2017,4247
1841,M,44,1:11:01,2017,4261
1842,M,27,1:11:04,2017,4264
1843,F,16,1:11:10,2017,4270
1844,M,38,1:11:11,2017,4271
1845,F,17,1:11:11,2017,4271
1846,F,25,1:11:13,2017,4273
1847,F,32,1:11:13,2017,4273
1848,M,36,1:11:20,2017,4280
1849,F,43,1:11:22,2017,4282
1850,M,28,1:11:23,2017,4283
1851,M,54,1:11:29,2017,4289
1852,M,47,1:11:30,2017,4290
1853,F,37,1:11:32,2017,4292
1854,M,44,1:11:46,2017,4306
1855,M,25,1:11:49,2017,4309
1856,M,27,1:11:49,2017,4309
1857,F,33,1:11:53,2017,4313
1858,M,45,1:11:55,2017,4315
1859,M,55,1:11:57,2017,4317
1860,M,37,1:12:05,2017,4325
1861,M,60,1:12:20,2017,4340
1862,F,23,1:12:21,2017,4341
1863,M,26,1:12:33,2017,4353
1864,M,34,1:12:34,2017,4354
1865,F,27,1:12:38,2017,4358
1866,M,18,1:12:48,2017,4368
1867,M,34,1:12:59,2017,4379
1868,M,39,1:13:01,2017,4381
1869,M,42,1:13:02,2017,4382
1870,M,45,1:13:07,2017,4387
1871,F,36,1:13:19,2017,4399
1872,M,40,1:13:26,2017,4406
1873,M,44,1:13:30,2017,4410
1874,M,50,1:13:37,2017,4417
1875,M,50,1:13:39,2017,4419
1876,M,49,1:13:40,2017,4420
1877,M,39,1:13:41,2017,4421
1878,M,39,1:13:43,2017,4423
1879,F,26,1:13:45,2017,4425
1880,M,52,1:13:51,2017,4431
1881,M,50,1:13:54,2017,4434
1882,M,30,1:14:03,2017,4443
1883,M,35,1:14:05,2017,4445
1884,M,37,1:14:05,2017,4445
1885,M,44,1:14:05,2017,4445
1886,M,38,1:14:09,2017,4449
1887,M,51,1:14:13,2017,4453
1888,F,26,1:14:16,2017,4456
1889,M,40,1:14:22,2017,4462
1890,M,22,1:14:28,2017,4468
1891,F,37,1:14:34,2017,4474
1892,M,58,1:14:40,2017,4480
1893,M,38,1:14:42,2017,4482
1894,F,18,1:14:45,2017,4485
1895,M,35,1:14:57,2017,4497
1896,M,51,1:15:00,2017,4500
1897,M,29,1:15:08,2017,4508
1898,F,12,1:15:18,2017,4518
1899,F,26,1:15:26,2017,4526
1900,M,38,1:15:47,2017,4547
1901,M,45,1:15:58,2017,4558
1902,M,39,1:16:08,2017,4568
1903,M,49,1:16:17,2017,4577
1904,M,44,1:16:25,2017,4585
1905,F,34,1:16:31,2017,4591
1906,M,30,1:16:32,2017,4592
1907,F,40,1:16:34,2017,4594
1908,M,39,1:16:35,2017,4595
1909,F,18,1:16:36,2017,4596
1910,M,34,1:16:39,2017,4599
1911,F,42,1:16:40,2017,4600
1912,M,53,1:16:42,2017,4602
1913,M,58,1:16:47,2017,4607
1914,F,40,1:16:48,2017,4608
1915,F,36,1:16:49,2017,4609
1916,M,32,1:16:50,2017,4610
1917,M,55,1:16:51,2017,4611
1918,M,37,1:16:54,2017,4614
1919,F,35,1:16:55,2017,4615
1920,M,39,1:16:56,2017,4616
1921,M,30,1:16:59,2017,4619
1922,F,21,1:17:01,2017,4621
1923,F,20,1:17:03,2017,4623
1924,F,31,1:17:13,2017,4633
1925,M,65,1:17:16,2017,4636
1926,M,33,1:17:31,2017,4651
1927,M,20,1:17:33,2017,4653
1928,M,36,1:17:33,2017,4653
1929,M,28,1:17:34,2017,4654
1930,M,52,1:17:35,2017,4655
1931,M,43,1:17:35,2017,4655
1932,M,53,1:17:41,2017,4661
1933,M,53,1:17:57,2017,4677
1934,F,53,1:18:01,2017,4681
1935,F,37,1:18:13,2017,4693
1936,M,33,1:18:15,2017,4695
1937,F,42,1:18:16,2017,4696
1938,F,37,1:18:19,2017,4699
1939,M,32,1:18:22,2017,4702
1940,M,28,1:18:22,2017,4702
1941,M,66,1:18:23,2017,4703
1942,F,55,1:18:25,2017,4705
1943,M,31,1:18:27,2017,4707
1944,M,50,1:18:33,2017,4713
1945,M,32,1:18:37,2017,4717
1946,F,41,1:18:47,2017,4727
1947,M,19,1:18:47,2017,4727
1948,M,45,1:18:50,2017,4730
1949,M,48,1:18:53,2017,4733
1950,F,12,1:19:02,2017,4742
1951,M,49,1:19:04,2017,4744
1952,M,43,1:19:05,2017,4745
1953,M,34,1:19:05,2017,4745
1954,F,45,1:19:25,2017,4765
1955,M,38,1:19:35,2017,4775
1956,M,49,1:19:39,2017,4779
1957,F,49,1:19:39,2017,4779
1958,F,27,1:19:40,2017,4780
1959,M,46,1:19:44,2017,4784
1960,M,43,1:19:46,2017,4786
1961,M,39,1:19:47,2017,4787
1962,M,31,1:19:47,2017,4787
1963,M,43,1:20:03,2017,4803
1964,M,65,1:20:04,2017,4804
1965,M,47,1:20:09,2017,4809
1966,F,45,1:20:14,2017,4814
1967,M,30,1:20:14,2017,4814
1968,M,65,1:20:24,2017,4824
1969,M,66,1:20:28,2017,4828
1970,F,30,1:20:40,2017,4840
1971,M,50,1:20:41,2017,4841
1972,M,30,1:20:45,2017,4845
1973,F,56,1:20:51,2017,4851
1974,M,67,1:20:52,2017,4852
1975,F,52,1:20:53,2017,4853
1976,F,46,1:20:56,2017,4856
1977,F,28,1:20:58,2017,4858
1978,F,35,1:21:00,2017,4860
1979,M,61,1:21:06,2017,4866
1980,F,47,1:21:20,2017,4880
1981,F,33,1:21:23,2017,4883
1982,M,16,1:21:34,2017,4894
1983,M,39,1:21:36,2017,4896
1984,M,41,1:21:44,2017,4904
1985,F,19,1:21:53,2017,4913
1986,M,35,1:21:54,2017,4914
1987,M,36,1:21:55,2017,4915
1988,F,30,1:22:03,2017,4923
1989,M,45,1:22:13,2017,4933
1990,M,31,1:22:19,2017,4939
1991,F,55,1:22:28,2017,4948
1992,F,17,1:22:38,2017,4958
1993,F,33,1:22:48,2017,4968
1994,F,40,1:22:48,2017,4968
1995,F,52,1:22:49,2017,4969
1996,F,21,1:22:50,2017,4970
1997,M,23,1:22:51,2017,4971
1998,M,33,1:22:52,2017,4972
1999,M,34,1:23:01,2017,4981
2000,M,31,1:23:05,2017,4985
2001,F,21,1:23:06,2017,4986
2002,M,37,1:23:08,2017,4988
2003,F,57,1:23:08,2017,4988
2004,F,16,1:23:10,2017,4990
2005,M,31,1:23:13,2017,4993
2006,M,42,1:23:14,2017,4994
2007,M,56,1:23:20,2017,5000
2008,M,58,1:23:22,2017,5002
2009,F,23,1:23:22,2017,5002
2010,F,31,1:23:26,2017,5006
2011,F,59,1:23:29,2017,5009
2012,M,19,1:23:32,2017,5012
2013,M,37,1:23:34,2017,5014
2014,M,49,1:23:34,2017,5014
2015,M,38,1:23:40,2017,5020
2016,M,51,1:23:41,2017,5021
2017,F,31,1:23:43,2017,5023
2018,M,15,1:23:46,2017,5026
2019,M,26,1:23:51,2017,5031
2020,M,43,1:23:55,2017,5035
2021,M,23,1:23:57,2017,5037
2022,M,49,1:23:59,2017,5039
2023,F,33,1:24:02,2017,5042
2024,M,38,1:24:05,2017,5045
2025,M,32,1:24:06,2017,5046
2026,M,35,1:24:09,2017,5049
2027,M,31,1:24:14,2017,5054
2028,F,29,1:24:15,2017,5055
2029,F,34,1:24:18,2017,5058
2030,M,44,1:24:20,2017,5060
2031,M,41,1:24:22,2017,5062
2032,F,39,1:24:22,2017,5062
2033,F,15,1:24:25,2017,5065
2034,M,58,1:24:33,2017,5073
2035,M,30,1:24:36,2017,5076
2036,F,50,1:24:38,2017,5078
2037,M,27,1:24:42,2017,5082
2038,M,59,1:24:44,2017,5084
2039,M,29,1:24:46,2017,5086
2040,F,33,1:24:49,2017,5089
2041,F,38,1:24:53,2017,5093
2042,M,57,1:24:59,2017,5099
2043,M,67,1:25:00,2017,5100
2044,F,35,1:25:06,2017,5106
2045,F,19,1:25:07,2017,5107
2046,F,34,1:25:08,2017,5108
2047,F,61,1:25:10,2017,5110
2048,F,36,1:25:12,2017,5112
2049,M,50,1:25:13,2017,5113
2050,M,39,1:25:18,2017,5118
2051,F,38,1:25:18,2017,5118
2052,M,50,1:25:18,2017,5118
2053,M,69,1:25:20,2017,5120
2054,F,37,1:25:21,2017,5121
2055,M,60,1:25:23,2017,5123
2056,M,35,1:25:25,2017,5125
2057,M,26,1:25:27,2017,5127
2058,F,37,1:25:30,2017,5130
2059,M,53,1:25:31,2017,5131
2060,M,62,1:25:32,2017,5132
2061,M,25,1:25:34,2017,5134
2062,F,64,1:25:42,2017,5142
2063,M,47,1:25:50,2017,5150
2064,M,47,1:25:52,2017,5152
2065,F,16,1:25:53,2017,5153
2066,M,44,1:25:54,2017,5154
2067,M,34,1:26:04,2017,5164
2068,F,48,1:26:05,2017,5165
2069,F,30,1:26:06,2017,5166
2070,F,50,1:26:06,2017,5166
2071,M,28,1:26:09,2017,5169
2072,M,65,1:26:11,2017,5171
2073,M,54,1:26:12,2017,5172
2074,M,49,1:26:15,2017,5175
2075,M,71,1:26:16,2017,5176
2076,F,42,1:26:20,2017,5180
2077,F,38,1:26:22,2017,5182
2078,F,30,1:26:32,2017,5192
2079,M,47,1:26:35,2017,5195
2080,M,41,1:26:43,2017,5203
2081,F,28,1:26:43,2017,5203
2082,M,46,1:26:47,2017,5207
2083,M,62,1:26:48,2017,5208
2084,M,38,1:26:49,2017,5209
2085,M,22,1:26:55,2017,5215
2086,M,29,1:27:12,2017,5232
2087,F,32,1:27:12,2017,5232
2088,M,49,1:27:14,2017,5234
2089,F,35,1:27:16,2017,5236
2090,F,28,1:27:22,2017,5242
2091,F,35,1:27:32,2017,5252
2092,F,39,1:27:32,2017,5252
2093,M,39,1:27:34,2017,5254
2094,F,35,1:27:36,2017,5256
2095,F,50,1:27:42,2017,5262
2096,M,72,1:27:42,2017,5262
2097,M,53,1:27:47,2017,5267
2098,M,53,1:27:48,2017,5268
2099,M,48,1:27:53,2017,5273
2100,M,51,1:28:11,2017,5291
2101,F,40,1:28:20,2017,5300
2102,M,46,1:28:26,2017,5306
2103,M,64,1:28:28,2017,5308
2104,F,41,1:28:28,2017,5308
2105,M,49,1:28:31,2017,5311
2106,F,39,1:28:37,2017,5317
2107,M,46,1:28:38,2017,5318
2108,F,35,1:28:39,2017,5319
2109,M,55,1:28:40,2017,5320
2110,F,29,1:28:40,2017,5320
2111,M,34,1:28:40,2017,5320
2112,F,14,1:28:42,2017,5322
2113,M,25,1:28:42,2017,5322
2114,F,50,1:28:55,2017,5335
2115,F,25,1:28:56,2017,5336
2116,M,30,1:28:57,2017,5337
2117,M,33,1:28:57,2017,5337
2118,M,42,1:28:59,2017,5339
2119,F,34,1:28:59,2017,5339
2120,F,44,1:28:59,2017,5339
2121,F,45,1:29:05,2017,5345
2122,F,37,1:29:14,2017,5354
2123,F,34,1:29:17,2017,5357
2124,F,40,1:29:20,2017,5360
2125,F,62,1:29:25,2017,5365
2126,M,29,1:29:25,2017,5365
2127,M,36,1:29:34,2017,5374
2128,F,44,1:29:38,2017,5378
2129,M,67,1:29:44,2017,5384
2130,M,41,1:29:44,2017,5384
2131,F,54,1:29:47,2017,5387
2132,M,66,1:29:53,2017,5393
2133,F,35,1:29:54,2017,5394
2134,F,51,1:30:03,2017,5403
2135,F,40,1:30:10,2017,5410
2136,M,53,1:30:10,2017,5410
2137,M,48,1:30:19,2017,5419
2138,M,34,1:30:21,2017,5421
2139,M,48,1:30:30,2017,5430
2140,F,33,1:30:34,2017,5434
2141,F,41,1:30:45,2017,5445
2142,M,24,1:30:46,2017,5446
2143,F,24,1:30:51,2017,5451
2144,M,45,1:30:55,2017,5455
2145,F,54,1:30:55,2017,5455
2146,F,30,1:30:58,2017,5458
2147,M,31,1:30:58,2017,5458
2148,M,38,1:30:59,2017,5459
2149,F,31,1:30:59,2017,5459
2150,F,20,1:31:00,2017,5460
2151,F,53,1:31:02,2017,5462
2152,F,50,1:31:10,2017,5470
2153,M,62,1:31:18,2017,5478
2154,M,39,1:31:23,2017,5483
2155,M,37,1:31:33,2017,5493
2156,M,60,1:31:35,2017,5495
2157,F,58,1:31:35,2017,5495
2158,M,57,1:31:53,2017,5513
2159,F,33,1:31:53,2017,5513
2160,M,48,1:31:55,2017,5515
2161,M,36,1:32:04,2017,5524
2162,F,16,1:32:05,2017,5525
2163,F,19,1:32:06,2017,5526
2164,M,45,1:32:13,2017,5533
2165,M,49,1:32:14,2017,5534
2166,M,60,1:32:22,2017,5542
2167,M,36,1:32:25,2017,5545
2168,M,62,1:32:31,2017,5551
2169,M,52,1:32:33,2017,5553
2170,M,61,1:32:34,2017,5554
2171,F,40,1:32:36,2017,5556
2172,M,36,1:32:37,2017,5557
2173,F,40,1:32:39,2017,5559
2174,F,42,1:32:39,2017,5559
2175,F,44,1:32:40,2017,5560
2176,M,63,1:32:41,2017,5561
2177,F,36,1:32:42,2017,5562
2178,F,27,1:32:43,2017,5563
2179,M,31,1:32:46,2017,5566
2180,M,24,1:32:56,2017,5576
2181,M,32,1:33:04,2017,5584
2182,F,57,1:33:08,2017,5588
2183,M,56,1:33:12,2017,5592
2184,F,52,1:33:13,2017,5593
2185,M,43,1:33:14,2017,5594
2186,F,32,1:33:18,2017,5598
2187,F,25,1:33:18,2017,5598
2188,F,43,1:33:28,2017,5608
2189,F,61,1:33:30,2017,5610
2190,M,48,1:33:41,2017,5621
2191,F,39,1:33:41,2017,5621
2192,M,29,1:33:43,2017,5623
2193,M,24,1:33:51,2017,5631
2194,F,30,1:33:51,2017,5631
2195,F,35,1:33:52,2017,5632
2196,F,56,1:33:56,2017,5636
2197,M,32,1:34:02,2017,5642
2198,M,29,1:34:05,2017,5645
2199,F,42,1:34:09,2017,5649
2200,F,35,1:34:10,2017,5650
2201,M,50,1:34:12,2017,5652
2202,M,50,1:34:13,2017,5653
2203,F,51,1:34:16,2017,5656
2204,M,54,1:34:17,2017,5657
2205,F,21,1:34:24,2017,5664
2206,M,56,1:34:26,2017,5666
2207,F,20,1:34:31,2017,5671
2208,F,50,1:34:36,2017,5676
2209,M,52,1:34:40,2017,5680
2210,M,34,1:34:45,2017,5685
2211,F,33,1:34:49,2017,5689
2212,F,62,1:34:50,2017,5690
2213,F,55,1:34:51,2017,5691
2214,F,51,1:35:01,2017,5701
2215,F,52,1:35:05,2017,5705
2216,F,55,1:35:07,2017,5707
2217,F,26,1:35:30,2017,5730
2218,M,58,1:35:32,2017,5732
2219,M,28,1:35:36,2017,5736
2220,F,36,1:35:38,2017,5738
2221,M,44,1:35:41,2017,5741
2222,F,36,1:35:42,2017,5742
2223,M,30,1:35:43,2017,5743
2224,M,43,1:35:54,2017,5754
2225,M,52,1:35:59,2017,5759
2226,F,26,1:36:06,2017,5766
2227,M,53,1:36:13,2017,5773
2228,F,42,1:36:13,2017,5773
2229,F,29,1:36:21,2017,5781
2230,M,59,1:36:37,2017,5797
2231,F,27,1:36:39,2017,5799
2232,M,53,1:36:40,2017,5800
2233,F,43,1:36:42,2017,5802
2234,M,46,1:36:43,2017,5803
2235,M,59,1:36:51,2017,5811
2236,M,62,1:36:52,2017,5812
2237,F,30,1:36:54,2017,5814
2238,F,32,1:36:58,2017,5818
2239,F,40,1:36:58,2017,5818
2240,F,59,1:36:59,2017,5819
2241,F,34,1:37:09,2017,5829
2242,F,59,1:37:14,2017,5834
2243,M,62,1:37:16,2017,5836
2244,M,25,1:37:24,2017,5844
2245,M,57,1:37:31,2017,5851
2246,M,55,1:37:38,2017,5858
2247,M,60,1:37:48,2017,5868
2248,F,32,1:37:54,2017,5874
2249,F,53,1:37:55,2017,5875
2250,F,54,1:38:02,2017,5882
2251,M,53,1:38:08,2017,5888
2252,M,35,1:38:10,2017,5890
2253,F,41,1:38:21,2017,5901
2254,M,59,1:38:30,2017,5910
2255,M,75,1:38:37,2017,5917
2256,F,43,1:38:44,2017,5924
2257,M,64,1:38:46,2017,5926
2258,F,35,1:38:53,2017,5933
2259,F,52,1:38:57,2017,5937
2260,F,54,1:38:59,2017,5939
2261,M,51,1:39:23,2017,5963
2262,F,33,1:39:27,2017,5967
2263,F,31,1:39:29,2017,5969
2264,F,57,1:39:29,2017,5969
2265,F,30,1:39:29,2017,5969
2266,M,57,1:39:36,2017,5976
2267,M,55,1:39:37,2017,5977
2268,F,41,1:39:40,2017,5980
2269,F,39,1:39:42,2017,5982
2270,F,46,1:39:50,2017,5990
2271,F,38,1:39:51,2017,5991
2272,M,17,1:40:03,2017,6003
2273,M,22,1:40:05,2017,6005
2274,F,39,1:40:19,2017,6019
2275,F,44,1:40:22,2017,6022
2276,M,47,1:40:28,2017,6028
2277,M,20,1:40:29,2017,6029
2278,M,53,1:40:42,2017,6042
2279,M,40,1:40:46,2017,6046
2280,M,54,1:41:15,2017,6075
2281,F,52,1:41:15,2017,6075
2282,M,57,1:41:19,2017,6079
2283,M,34,1:41:22,2017,6082
2284,M,44,1:41:26,2017,6086
2285,M,70,1:41:29,2017,6089
2286,F,48,1:41:44,2017,6104
2287,M,36,1:42:09,2017,6129
2288,M,48,1:42:11,2017,6131
2289,F,31,1:42:18,2017,6138
2290,F,24,1:42:33,2017,6153
2291,F,46,1:42:47,2017,6167
2292,M,31,1:42:57,2017,6177
2293,M,22,1:42:57,2017,6177
2294,F,47,1:43:02,2017,6182
2295,F,35,1:43:07,2017,6187
2296,M,53,1:43:16,2017,6196
2297,F,51,1:43:32,2017,6212
2298,F,65,1:43:52,2017,6232
2299,M,37,1:43:54,2017,6234
2300,M,51,1:44:00,2017,6240
2301,M,40,1:44:01,2017,6241
2302,M,46,1:44:16,2017,6256
2303,M,60,1:44:18,2017,6258
2304,F,44,1:44:33,2017,6273
2305,F,59,1:44:34,2017,6274
2306,M,27,1:44:41,2017,6281
2307,F,24,1:44:42,2017,6282
2308,F,27,1:44:45,2017,6285
2309,F,24,1:44:59,2017,6299
2310,F,37,1:45:00,2017,6300
2311,F,37,1:45:30,2017,6330
2312,M,47,1:45:36,2017,6336
2313,F,41,1:45:37,2017,6337
2314,M,58,1:45:46,2017,6346
2315,F,18,1:45:50,2017,6350
2316,M,39,1:45:50,2017,6350
2317,F,44,1:45:52,2017,6352
2318,F,42,1:45:52,2017,6352
2319,F,36,1:45:53,2017,6353
2320,F,50,1:46:03,2017,6363
2321,F,52,1:46:03,2017,6363
2322,F,60,1:46:12,2017,6372
2323,M,37,1:46:17,2017,6377
2324,F,12,1:46:35,2017,6395
2325,M,56,1:46:37,2017,6397
2326,M,76,1:47:02,2017,6422
2327,F,57,1:47:05,2017,6425
2328,M,35,1:47:05,2017,6425
2329,F,38,1:47:22,2017,6442
2330,F,49,1:47:22,2017,6442
2331,M,17,1:47:22,2017,6442
2332,F,42,1:47:26,2017,6446
2333,F,29,1:47:35,2017,6455
2334,F,56,1:47:36,2017,6456
2335,M,34,1:47:37,2017,6457
2336,M,34,1:47:39,2017,6459
2337,F,56,1:47:51,2017,6471
2338,M,30,1:47:53,2017,6473
2339,F,23,1:48:04,2017,6484
2340,M,71,1:48:30,2017,6510
2341,F,54,1:48:54,2017,6534
2342,M,34,1:48:56,2017,6536
2343,F,50,1:49:10,2017,6550
2344,F,36,1:49:10,2017,6550
2345,F,31,1:49:14,2017,6554
2346,M,38,1:49:26,2017,6566
2347,F,44,1:49:30,2017,6570
2348,F,55,1:49:30,2017,6570
2349,F,39,1:49:33,2017,6573
2350,F,43,1:49:33,2017,6573
2351,M,56,1:49:36,2017,6576
2352,F,36,1:49:59,2017,6599
2353,F,28,1:50:07,2017,6607
2354,M,11,1:50:19,2017,6619
2355,M,40,1:50:19,2017,6619
2356,F,30,1:50:21,2017,6621
2357,F,50,1:50:44,2017,6644
2358,F,24,1:50:46,2017,6646
2359,M,31,1:50:54,2017,6654
2360,M,33,1:50:57,2017,6657
2361,F,37,1:51:22,2017,6682
2362,F,25,1:51:31,2017,6691
2363,M,47,1:51:45,2017,6705
2364,M,52,1:51:50,2017,6710
2365,F,30,1:51:58,2017,6718
2366,F,27,1:51:58,2017,6718
2367,F,33,1:52:13,2017,6733
2368,M,70,1:52:16,2017,6736
2369,F,26,1:52:18,2017,6738
2370,F,36,1:52:19,2017,6739
2371,F,29,1:52:41,2017,6761
2372,F,58,1:52:44,2017,6764
2373,F,19,1:53:11,2017,6791
2374,F,52,1:53:26,2017,6806
2375,F,53,1:53:48,2017,6828
2376,M,68,1:53:49,2017,6829
2377,F,59,1:53:51,2017,6831
2378,M,41,1:53:55,2017,6835
2379,F,30,1:53:57,2017,6837
2380,F,37,1:54:03,2017,6843
2381,M,59,1:54:07,2017,6847
2382,F,42,1:54:14,2017,6854
2383,M,53,1:54:24,2017,6864
2384,M,53,1:54:27,2017,6867
2385,F,43,1:54:31,2017,6871
2386,M,60,1:54:50,2017,6890
2387,F,26,1:54:57,2017,6897
2388,F,17,1:54:57,2017,6897
2389,F,28,1:55:11,2017,6911
2390,F,32,1:55:22,2017,6922
2391,F,78,1:55:26,2017,6926
2392,M,57,1:55:52,2017,6952
2393,M,29,1:56:00,2017,6960
2394,F,35,1:56:05,2017,6965
2395,F,22,1:56:06,2017,6966
2396,F,41,1:56:07,2017,6967
2397,F,39,1:56:28,2017,6988
2398,M,55,1:56:50,2017,7010
2399,F,56,1:57:26,2017,7046
2400,F,67,1:57:27,2017,7047
2401,F,34,1:57:45,2017,7065
2402,F,31,1:58:14,2017,7094
2403,M,21,1:58:15,2017,7095
2404,F,33,1:58:20,2017,7100
2405,F,31,1:58:29,2017,7109
2406,F,58,1:59:22,2017,7162
2407,F,30,1:59:45,2017,7185
2408,M,37,1:59:59,2017,7199
2409,F,53,2:00:10,2017,7210
2410,F,42,2:00:15,2017,7215
2411,F,61,2:00:18,2017,7218
2412,F,48,2:00:26,2017,7226
2413,F,48,2:01:34,2017,7294
2414,F,57,2:01:36,2017,7296
2415,M,52,2:02:39,2017,7359
2416,F,69,2:07:23,2017,7643
2417,F,40,2:07:53,2017,7673
2418,F,57,2:10:46,2017,7846
2419,M,45,2:11:05,2017,7865
2420,F,56,2:12:04,2017,7924
2421,M,40,2:14:15,2017,8055
2422,F,43,2:14:32,2017,8072
2423,F,31,2:14:51,2017,8091
2424,F,50,2:14:53,2017,8093
2425,F,24,2:15:00,2017,8100
2426,M,67,2:15:41,2017,8141
2427,M,63,2:16:43,2017,8203
2428,M,65,2:17:07,2017,8227
2429,F,42,2:18:04,2017,8284
2430,M,67,2:18:14,2017,8294
2431,M,30,2:18:53,2017,8333
2432,F,56,2:20:06,2017,8406
2433,F,66,2:46:51,2017,10011
2434,M,21,48:22,2019,2902
2435,M,19,48:55,2019,2935
2436,M,21,49:49,2019,2989
2437,M,20,50:30,2019,3030
2438,M,21,51:53,2019,3113
2439,M,21,52:09,2019,3129
2440,M,21,52:13,2019,3133
2441,M,20,52:16,2019,3136
2442,M,40,52:21,2019,3141
2443,M,21,52:24,2019,3144
2444,M,20,52:24,2019,3144
2445,M,19,53:54,2019,3234
2446,M,16,54:36,2019,3276
2447,M,19,55:04,2019,3304
2448,M,36,55:05,2019,3305
2449,M,21,55:14,2019,3314
2450,M,27,55:17,2019,3317
2451,M,20,55:22,2019,3322
2452,M,28,57:07,2019,3427
2453,M,34,57:17,2019,3437
2454,M,43,57:25,2019,3445
2455,M,21,57:45,2019,3465
2456,M,20,57:54,2019,3474
2457,M,21,58:26,2019,3506
2458,M,24,58:30,2019,3510
2459,M,35,59:03,2019,3543
2460,M,44,59:14,2019,3554
2461,M,25,59:22,2019,3562
2462,M,26,1:00:18,2019,3618
2463,M,30,1:00:19,2019,3619
2464,M,34,1:00:28,2019,3628
2465,M,21,1:00:38,2019,3638
2466,F,31,1:00:58,2019,3658
2467,M,42,1:01:05,2019,3665
2468,M,24,1:01:28,2019,3688
2469,M,39,1:01:39,2019,3699
2470,M,45,1:01:40,2019,3700
2471,M,38,1:01:44,2019,3704
2472,M,33,1:01:49,2019,3709
2473,M,42,1:01:57,2019,3717
2474,F,41,1:02:04,2019,3724
2475,M,40,1:02:05,2019,3725
2476,M,15,1:02:06,2019,3726
2477,M,46,1:02:12,2019,3732
2478,M,23,1:02:42,2019,3762
2479,F,41,1:03:00,2019,3780
2480,M,12,1:03:00,2019,3780
2481,M,22,1:03:04,2019,3784
2482,F,24,1:03:11,2019,3791
2483,M,29,1:03:38,2019,3818
2484,M,42,1:03:46,2019,3826
2485,M,23,1:04:04,2019,3844
2486,M,19,1:04:17,2019,3857
2487,M,35,1:04:32,2019,3872
2488,M,35,1:04:38,2019,3878
2489,M,30,1:04:40,2019,3880
2490,M,39,1:04:47,2019,3887
2491,M,43,1:04:48,2019,3888
2492,F,22,1:04:55,2019,3895
2493,F,14,1:05:08,2019,3908
2494,M,48,1:05:55,2019,3955
2495,M,47,1:06:00,2019,3960
2496,F,21,1:06:05,2019,3965
2497,M,51,1:06:05,2019,3965
2498,M,20,1:06:10,2019,3970
2499,F,37,1:06:14,2019,3974
2500,F,45,1:06:36,2019,3996
2501,M,29,1:06:41,2019,4001
2502,M,28,1:06:41,2019,4001
2503,M,39,1:06:51,2019,4011
2504,M,17,1:06:53,2019,4013
2505,M,40,1:07:14,2019,4034
2506,F,34,1:07:22,2019,4042
2507,F,20,1:07:22,2019,4042
2508,M,30,1:07:24,2019,4044
2509,M,42,1:07:28,2019,4048
2510,M,43,1:07:43,2019,4063
2511,F,28,1:07:44,2019,4064
2512,F,14,1:07:48,2019,4068
2513,M,18,1:07:54,2019,4074
2514,M,41,1:08:00,2019,4080
2515,M,36,1:08:06,2019,4086
2516,M,52,1:08:06,2019,4086
2517,M,42,1:08:17,2019,4097
2518,F,25,1:08:31,2019,4111
2519,M,36,1:08:39,2019,4119
2520,M,43,1:08:40,2019,4120
2521,F,41,1:08:41,2019,4121
2522,M,49,1:08:44,2019,4124
2523,F,21,1:08:49,2019,4129
2524,M,21,1:08:49,2019,4129
2525,F,32,1:09:00,2019,4140
2526,M,18,1:09:02,2019,4142
2527,F,36,1:09:03,2019,4143
2528,F,38,1:09:04,2019,4144
2529,M,56,1:09:04,2019,4144
2530,F,33,1:09:09,2019,4149
2531,M,36,1:09:14,2019,4154
2532,M,36,1:09:17,2019,4157
2533,M,25,1:09:34,2019,4174
2534,F,20,1:09:37,2019,4177
2535,M,34,1:09:44,2019,4184
2536,M,29,1:09:45,2019,4185
2537,M,38,1:09:51,2019,4191
2538,M,32,1:09:51,2019,4191
2539,F,28,1:10:18,2019,4218
2540,M,45,1:10:27,2019,4227
2541,M,23,1:10:31,2019,4231
2542,F,46,1:10:40,2019,4240
2543,M,28,1:10:45,2019,4245
2544,M,24,1:10:56,2019,4256
2545,M,54,1:11:01,2019,4261
2546,F,35,1:11:14,2019,4274
2547,F,27,1:11:25,2019,4285
2548,F,38,1:11:28,2019,4288
2549,F,27,1:11:38,2019,4298
2550,M,45,1:11:49,2019,4309
2551,M,53,1:11:54,2019,4314
2552,M,46,1:11:56,2019,4316
2553,F,23,1:11:59,2019,4319
2554,M,47,1:12:01,2019,4321
2555,M,32,1:12:14,2019,4334
2556,M,25,1:12:24,2019,4344
2557,M,44,1:12:24,2019,4344
2558,M,26,1:12:27,2019,4347
2559,M,47,1:12:30,2019,4350
2560,F,33,1:12:36,2019,4356
2561,M,29,1:12:39,2019,4359
2562,M,25,1:12:39,2019,4359
2563,M,29,1:12:52,2019,4372
2564,F,18,1:12:56,2019,4376
2565,M,43,1:13:13,2019,4393
2566,M,37,1:13:22,2019,4402
2567,M,33,1:13:22,2019,4402
2568,M,36,1:13:23,2019,4403
2569,M,60,1:13:28,2019,4408
2570,M,34,1:13:36,2019,4416
2571,M,36,1:13:37,2019,4417
2572,M,51,1:13:42,2019,4422
2573,F,51,1:13:47,2019,4427
2574,M,47,1:13:54,2019,4434
2575,M,17,1:13:56,2019,4436
2576,M,62,1:14:06,2019,4446
2577,M,25,1:14:13,2019,4453
2578,M,35,1:14:21,2019,4461
2579,M,44,1:14:22,2019,4462
2580,F,53,1:14:23,2019,4463
2581,M,38,1:14:23,2019,4463
2582,F,41,1:14:35,2019,4475
2583,M,34,1:14:38,2019,4478
2584,M,53,1:14:40,2019,4480
2585,F,15,1:14:42,2019,4482
2586,F,39,1:14:49,2019,4489
2587,M,24,1:14:58,2019,4498
2588,M,29,1:15:08,2019,4508
2589,M,33,1:15:09,2019,4509
2590,M,49,1:15:17,2019,4517
2591,F,29,1:15:22,2019,4522
2592,M,40,1:15:27,2019,4527
2593,M,37,1:15:36,2019,4536
2594,M,47,1:15:37,2019,4537
2595,M,44,1:15:37,2019,4537
2596,M,26,1:15:42,2019,4542
2597,M,43,1:15:51,2019,4551
2598,M,32,1:15:51,2019,4551
2599,F,38,1:15:55,2019,4555
2600,F,40,1:15:58,2019,4558
2601,F,22,1:16:00,2019,4560
2602,M,25,1:16:09,2019,4569
2603,F,35,1:16:16,2019,4576
2604,F,25,1:16:17,2019,4577
2605,M,35,1:16:24,2019,4584
2606,F,29,1:16:42,2019,4602
2607,M,41,1:16:44,2019,4604
2608,M,40,1:16:48,2019,4608
2609,F,43,1:16:57,2019,4617
2610,M,52,1:16:58,2019,4618
2611,F,37,1:17:03,2019,4623
2612,M,38,1:17:05,2019,4625
2613,M,67,1:17:08,2019,4628
2614,M,46,1:17:14,2019,4634
2615,M,68,1:17:15,2019,4635
2616,M,55,1:17:20,2019,4640
2617,M,44,1:17:27,2019,4647
2618,F,37,1:17:28,2019,4648
2619,F,33,1:17:31,2019,4651
2620,M,60,1:17:36,2019,4656
2621,M,62,1:17:42,2019,4662
2622,F,28,1:17:43,2019,4663
2623,M,45,1:17:44,2019,4664
2624,M,45,1:17:47,2019,4667
2625,M,39,1:17:47,2019,4667
2626,M,22,1:17:48,2019,4668
2627,F,37,1:18:10,2019,4690
2628,M,46,1:18:13,2019,4693
2629,M,48,1:18:15,2019,4695
2630,M,67,1:18:15,2019,4695
2631,F,34,1:18:18,2019,4698
2632,F,51,1:18:19,2019,4699
2633,F,37,1:18:23,2019,4703
2634,M,52,1:18:33,2019,4713
2635,M,43,1:18:33,2019,4713
2636,M,47,1:18:37,2019,4717
2637,M,40,1:18:38,2019,4718
2638,F,42,1:18:41,2019,4721
2639,M,57,1:18:49,2019,4729
2640,F,18,1:18:52,2019,4732
2641,F,31,1:18:53,2019,4733
2642,M,47,1:19:08,2019,4748
2643,F,18,1:19:18,2019,4758
2644,M,32,1:19:20,2019,4760
2645,M,30,1:19:21,2019,4761
2646,F,24,1:19:27,2019,4767
2647,M,69,1:19:27,2019,4767
2648,F,25,1:19:38,2019,4778
2649,M,32,1:19:39,2019,4779
2650,M,29,1:19:42,2019,4782
2651,M,22,1:19:44,2019,4784
2652,M,42,1:19:44,2019,4784
2653,M,55,1:19:51,2019,4791
2654,M,37,1:19:55,2019,4795
2655,M,31,1:19:59,2019,4799
2656,F,25,1:20:00,2019,4800
2657,M,30,1:20:05,2019,4805
2658,M,49,1:20:08,2019,4808
2659,M,53,1:20:09,2019,4809
2660,M,67,1:20:12,2019,4812
2661,F,16,1:20:18,2019,4818
2662,F,33,1:20:25,2019,4825
2663,M,38,1:20:26,2019,4826
2664,M,32,1:20:27,2019,4827
2665,M,49,1:20:28,2019,4828
2666,F,56,1:20:33,2019,4833
2667,F,60,1:20:35,2019,4835
2668,M,23,1:20:36,2019,4836
2669,M,65,1:20:40,2019,4840
2670,F,53,1:20:43,2019,4843
2671,M,33,1:20:44,2019,4844
2672,F,40,1:20:48,2019,4848
2673,M,51,1:20:48,2019,4848
2674,M,33,1:20:51,2019,4851
2675,M,41,1:21:10,2019,4870
2676,F,23,1:21:22,2019,4882
2677,F,48,1:21:26,2019,4886
2678,M,56,1:21:31,2019,4891
2679,M,26,1:21:33,2019,4893
2680,M,34,1:21:39,2019,4899
2681,F,26,1:21:39,2019,4899
2682,M,42,1:21:47,2019,4907
2683,M,42,1:21:49,2019,4909
2684,F,44,1:21:52,2019,4912
2685,F,17,1:21:53,2019,4913
2686,M,26,1:21:57,2019,4917
2687,F,36,1:21:59,2019,4919
2688,M,64,1:22:01,2019,4921
2689,M,47,1:22:02,2019,4922
2690,M,41,1:22:06,2019,4926
2691,M,31,1:22:07,2019,4927
2692,M,38,1:22:11,2019,4931
2693,M,27,1:22:12,2019,4932
2694,F,26,1:22:12,2019,4932
2695,F,32,1:22:16,2019,4936
2696,F,53,1:22:22,2019,4942
2697,M,57,1:22:22,2019,4942
2698,F,35,1:22:27,2019,4947
2699,F,39,1:22:28,2019,4948
2700,M,42,1:22:33,2019,4953
2701,M,41,1:22:38,2019,4958
2702,F,48,1:22:39,2019,4959
2703,M,45,1:22:40,2019,4960
2704,F,52,1:22:42,2019,4962
2705,F,55,1:22:52,2019,4972
2706,F,31,1:22:54,2019,4974
2707,F,22,1:23:01,2019,4981
2708,F,37,1:23:03,2019,4983
2709,F,40,1:23:08,2019,4988
2710,M,52,1:23:09,2019,4989
2711,F,36,1:23:17,2019,4997
2712,M,29,1:23:18,2019,4998
2713,M,52,1:23:23,2019,5003
2714,F,23,1:23:24,2019,5004
2715,F,23,1:23:35,2019,5015
2716,M,49,1:23:36,2019,5016
2717,F,27,1:23:43,2019,5023
2718,M,30,1:23:44,2019,5024
2719,M,69,1:23:54,2019,5034
2720,M,37,1:23:56,2019,5036
2721,F,41,1:23:58,2019,5038
2722,M,41,1:24:02,2019,5042
2723,M,55,1:24:04,2019,5044
2724,M,57,1:24:07,2019,5047
2725,F,58,1:24:07,2019,5047
2726,M,51,1:24:08,2019,5048
2727,F,50,1:24:09,2019,5049
2728,M,53,1:24:12,2019,5052
2729,M,35,1:24:12,2019,5052
2730,M,11,1:24:13,2019,5053
2731,F,34,1:24:14,2019,5054
2732,M,36,1:24:15,2019,5055
2733,M,59,1:24:16,2019,5056
2734,F,63,1:24:16,2019,5056
2735,M,39,1:24:18,2019,5058
2736,F,39,1:24:20,2019,5060
2737,M,51,1:24:37,2019,5077
2738,M,39,1:24:41,2019,5081
2739,F,40,1:24:41,2019,5081
2740,M,38,1:24:48,2019,5088
2741,F,33,1:24:49,2019,5089
2742,M,53,1:25:00,2019,5100
2743,F,63,1:25:03,2019,5103
2744,M,25,1:25:04,2019,5104
2745,F,52,1:25:08,2019,5108
2746,F,24,1:25:17,2019,5117
2747,M,42,1:25:17,2019,5117
2748,M,40,1:25:19,2019,5119
2749,F,19,1:25:28,2019,5128
2750,M,60,1:25:33,2019,5133
2751,M,53,1:25:44,2019,5144
2752,M,58,1:25:52,2019,5152
2753,F,41,1:25:57,2019,5157
2754,M,32,1:26:04,2019,5164
2755,M,31,1:26:06,2019,5166
2756,F,38,1:26:09,2019,5169
2757,M,52,1:26:13,2019,5173
2758,M,42,1:26:21,2019,5181
2759,M,62,1:26:24,2019,5184
2760,M,43,1:26:25,2019,5185
2761,F,37,1:26:32,2019,5192
2762,F,31,1:26:32,2019,5192
2763,M,47,1:26:46,2019,5206
2764,M,67,1:26:47,2019,5207
2765,F,33,1:26:51,2019,5211
2766,F,16,1:26:51,2019,5211
2767,F,16,1:26:51,2019,5211
2768,M,33,1:26:58,2019,5218
2769,M,19,1:27:11,2019,5231
2770,F,47,1:27:18,2019,5238
2771,M,26,1:27:18,2019,5238
2772,F,44,1:27:19,2019,5239
2773,F,38,1:27:38,2019,5258
2774,M,40,1:27:38,2019,5258
2775,M,50,1:27:41,2019,5261
2776,F,53,1:27:49,2019,5269
2777,M,55,1:27:49,2019,5269
2778,F,39,1:27:57,2019,5277
2779,F,52,1:28:01,2019,5281
2780,F,45,1:28:09,2019,5289
2781,M,31,1:28:12,2019,5292
2782,M,58,1:28:13,2019,5293
2783,M,38,1:28:16,2019,5296
2784,M,60,1:28:26,2019,5306
2785,F,26,1:28:26,2019,5306
2786,M,50,1:28:30,2019,5310
2787,M,56,1:28:39,2019,5319
2788,F,31,1:28:39,2019,5319
2789,F,23,1:28:40,2019,5320
2790,M,48,1:28:46,2019,5326
2791,F,47,1:28:47,2019,5327
2792,F,39,1:28:57,2019,5337
2793,M,54,1:29:01,2019,5341
2794,F,36,1:29:04,2019,5344
2795,M,55,1:29:11,2019,5351
2796,M,45,1:29:12,2019,5352
2797,M,48,1:29:13,2019,5353
2798,F,49,1:29:21,2019,5361
2799,F,36,1:29:22,2019,5362
2800,F,47,1:29:22,2019,5362
2801,M,22,1:29:29,2019,5369
2802,M,33,1:29:29,2019,5369
2803,M,31,1:29:32,2019,5372
2804,F,48,1:29:33,2019,5373
2805,M,22,1:29:44,2019,5384
2806,M,30,1:29:50,2019,5390
2807,F,50,1:29:55,2019,5395
2808,F,47,1:30:00,2019,5400
2809,M,44,1:30:01,2019,5401
2810,F,52,1:30:08,2019,5408
2811,F,26,1:30:10,2019,5410
2812,M,28,1:30:11,2019,5411
2813,F,29,1:30:22,2019,5422
2814,F,46,1:30:27,2019,5427
2815,M,36,1:30:31,2019,5431
2816,M,37,1:30:32,2019,5432
2817,M,52,1:30:38,2019,5438
2818,F,46,1:30:40,2019,5440
2819,M,36,1:30:41,2019,5441
2820,M,50,1:30:41,2019,5441
2821,M,31,1:30:44,2019,5444
2822,F,59,1:30:50,2019,5450
2823,F,57,1:30:56,2019,5456
2824,F,49,1:30:57,2019,5457
2825,F,28,1:31:07,2019,5467
2826,M,60,1:31:09,2019,5469
2827,F,36,1:31:10,2019,5470
2828,F,67,1:31:16,2019,5476
2829,M,52,1:31:19,2019,5479
2830,F,35,1:31:22,2019,5482
2831,F,41,1:31:32,2019,5492
2832,M,61,1:31:34,2019,5494
2833,F,37,1:31:39,2019,5499
2834,F,64,1:31:40,2019,5500
2835,M,61,1:31:42,2019,5502
2836,F,25,1:31:43,2019,5503
2837,F,41,1:31:46,2019,5506
2838,M,66,1:31:47,2019,5507
2839,F,61,1:31:51,2019,5511
2840,F,32,1:31:56,2019,5516
2841,M,61,1:32:02,2019,5522
2842,F,53,1:32:07,2019,5527
2843,F,28,1:32:31,2019,5551
2844,F,38,1:32:34,2019,5554
2845,M,56,1:33:00,2019,5580
2846,M,44,1:33:00,2019,5580
2847,M,46,1:33:29,2019,5609
2848,M,51,1:33:49,2019,5629
2849,F,52,1:33:58,2019,5638
2850,F,38,1:34:00,2019,5640
2851,F,40,1:34:04,2019,5644
2852,F,36,1:34:07,2019,5647
2853,M,36,1:34:12,2019,5652
2854,F,21,1:34:14,2019,5654
2855,F,18,1:34:18,2019,5658
2856,F,32,1:34:26,2019,5666
2857,F,25,1:34:26,2019,5666
2858,M,43,1:34:51,2019,5691
2859,M,27,1:34:56,2019,5696
2860,M,50,1:35:08,2019,5708
2861,F,43,1:35:10,2019,5710
2862,F,44,1:35:10,2019,5710
2863,M,45,1:35:27,2019,5727
2864,F,38,1:35:27,2019,5727
2865,M,51,1:35:30,2019,5730
2866,F,38,1:36:11,2019,5771
2867,F,36,1:36:11,2019,5771
2868,F,46,1:36:16,2019,5776
2869,M,54,1:36:18,2019,5778
2870,M,61,1:36:24,2019,5784
2871,M,46,1:36:32,2019,5792
2872,F,37,1:36:32,2019,5792
2873,M,59,1:36:42,2019,5802
2874,F,33,1:36:48,2019,5808
2875,M,54,1:36:51,2019,5811
2876,M,46,1:36:56,2019,5816
2877,F,54,1:37:09,2019,5829
2878,F,35,1:37:14,2019,5834
2879,M,32,1:37:15,2019,5835
2880,F,35,1:37:20,2019,5840
2881,F,66,1:37:30,2019,5850
2882,F,41,1:37:32,2019,5852
2883,M,62,1:37:35,2019,5855
2884,M,68,1:37:43,2019,5863
2885,M,42,1:37:49,2019,5869
2886,M,13,1:37:49,2019,5869
2887,M,49,1:37:52,2019,5872
2888,M,59,1:38:36,2019,5916
2889,F,45,1:38:37,2019,5917
2890,F,44,1:38:48,2019,5928
2891,F,31,1:38:50,2019,5930
2892,M,59,1:38:59,2019,5939
2893,M,49,1:39:16,2019,5956
2894,F,32,1:39:21,2019,5961
2895,F,44,1:39:34,2019,5974
2896,F,44,1:40:14,2019,6014
2897,M,51,1:40:22,2019,6022
2898,F,60,1:40:23,2019,6023
2899,M,32,1:40:24,2019,6024
2900,F,58,1:40:50,2019,6050
2901,M,63,1:40:51,2019,6051
2902,M,38,1:40:57,2019,6057
2903,M,61,1:41:02,2019,6062
2904,F,59,1:41:03,2019,6063
2905,F,29,1:41:03,2019,6063
2906,F,50,1:41:37,2019,6097
2907,M,35,1:41:39,2019,6099
2908,F,31,1:41:40,2019,6100
2909,F,66,1:41:53,2019,6113
2910,F,26,1:42:08,2019,6128
2911,F,33,1:42:14,2019,6134
2912,F,27,1:42:15,2019,6135
2913,M,49,1:42:17,2019,6137
2914,F,37,1:42:19,2019,6139
2915,F,63,1:42:39,2019,6159
2916,M,59,1:42:51,2019,6171
2917,M,36,1:42:57,2019,6177
2918,M,46,1:42:57,2019,6177
2919,F,24,1:42:58,2019,6178
2920,M,32,1:43:09,2019,6189
2921,F,33,1:43:23,2019,6203
2922,M,33,1:43:35,2019,6215
2923,F,43,1:43:39,2019,6219
2924,F,30,1:44:23,2019,6263
2925,M,64,1:44:33,2019,6273
2926,F,32,1:44:42,2019,6282
2927,F,61,1:45:14,2019,6314
2928,F,43,1:46:07,2019,6367
2929,F,27,1:46:26,2019,6386
2930,F,35,1:46:54,2019,6414
2931,M,64,1:47:12,2019,6432
2932,F,47,1:47:16,2019,6436
2933,F,55,1:47:42,2019,6462
2934,F,54,1:47:59,2019,6479
2935,M,72,1:48:22,2019,6502
2936,F,58,1:49:20,2019,6560
2937,F,38,1:50:00,2019,6600
2938,F,35,1:50:01,2019,6601
2939,F,60,1:50:07,2019,6607
2940,F,50,1:50:45,2019,6645
2941,F,28,1:50:56,2019,6656
2942,F,36,1:51:30,2019,6690
2943,F,47,1:52:06,2019,6726
2944,F,41,1:52:08,2019,6728
2945,M,43,1:52:09,2019,6729
2946,F,44,1:52:21,2019,6741
2947,M,54,1:52:34,2019,6754
2948,F,51,1:54:13,2019,6853
2949,M,50,1:55:01,2019,6901
2950,M,42,1:55:08,2019,6908
2951,F,45,1:55:23,2019,6923
2952,F,57,1:55:46,2019,6946
2953,F,28,1:55:57,2019,6957
2954,M,55,1:56:00,2019,6960
2955,M,64,1:56:14,2019,6974
2956,M,44,1:56:54,2019,7014
2957,F,60,1:57:09,2019,7029
2958,F,64,1:57:14,2019,7034
2959,F,37,1:57:38,2019,7058
2960,F,44,1:57:45,2019,7065
2961,M,54,1:58:02,2019,7082
2962,F,59,1:58:34,2019,7114
2963,F,49,1:59:47,2019,7187
2964,M,58,1:59:56,2019,7196
2965,F,52,2:03:10,2019,7390
2966,F,80,2:03:55,2019,7435
2967,F,59,2:04:41,2019,7481
2968,F,39,2:05:13,2019,7513
2969,M,37,2:06:49,2019,7609
2970,M,63,2:07:14,2019,7634
2971,F,22,2:07:28,2019,7648
2972,F,36,2:07:48,2019,7668
2973,F,58,2:12:46,2019,7966
2974,F,49,2:13:01,2019,7981
2975,F,55,2:17:55,2019,8275
2976,M,41,2:17:58,2019,8278
2977,M,43,2:17:58,2019,8278
2978,F,58,2:19:00,2019,8340
2979,M,22,48:53,2023,2933
2980,M,22,49:01,2023,2941
2981,M,21,49:18,2023,2958
2982,M,22,50:24,2023,3024
2983,M,20,50:31,2023,3031
2984,M,19,50:38,2023,3038
2985,M,20,50:53,2023,3053
2986,M,21,51:16,2023,3076
2987,M,20,51:16,2023,3076
2988,M,19,51:32,2023,3092
2989,M,20,51:53,2023,3113
2990,M,21,52:07,2023,3127
2991,M,21,52:25,2023,3145
2992,M,34,52:30,2023,3150
2993,M,21,52:31,2023,3151
2994,M,22,52:37,2023,3157
2995,M,19,53:36,2023,3216
2996,M,38,53:41,2023,3221
2997,M,22,54:35,2023,3275
2998,M,17,55:25,2023,3325
2999,M,19,55:40,2023,3340
3000,M,23,55:50,2023,3350
3001,M,34,57:32,2023,3452
3002,M,27,57:33,2023,3453
3003,M,18,57:34,2023,3454
3004,M,32,58:24,2023,3504
3005,M,21,59:13,2023,3553
3006,M,39,59:19,2023,3559
3007,M,49,59:48,2023,3588
3008,M,24,1:00:57,2023,3657
3009,M,45,1:01:15,2023,3675
3010,M,32,1:01:45,2023,3705
3011,M,28,1:02:49,2023,3769
3012,F,47,1:03:44,2023,3824
3013,M,33,1:04:12,2023,3852
3014,F,26,1:04:17,2023,3857
3015,M,49,1:04:20,2023,3860
3016,M,17,1:05:12,2023,3912
3017,M,38,1:05:23,2023,3923
3018,F,38,1:05:26,2023,3926
3019,M,47,1:05:48,2023,3948
3020,M,38,1:07:03,2023,4023
3021,M,27,1:07:10,2023,4030
3022,M,40,1:07:27,2023,4047
3023,M,39,1:07:32,2023,4052
3024,M,33,1:07:45,2023,4065
3025,M,37,1:08:32,2023,4112
3026,M,38,1:08:50,2023,4130
3027,M,56,1:08:55,2023,4135
3028,M,29,1:09:03,2023,4143
3029,M,43,1:09:19,2023,4159
3030,F,40,1:09:21,2023,4161
3031,M,36,1:09:31,2023,4171
3032,M,50,1:09:37,2023,4177
3033,M,30,1:09:47,2023,4187
3034,M,33,1:09:48,2023,4188
3035,F,25,1:09:58,2023,4198
3036,M,42,1:10:07,2023,4207
3037,M,34,1:10:29,2023,4229
3038,M,24,1:10:36,2023,4236
3039,M,27,1:10:42,2023,4242
3040,F,37,1:10:49,2023,4249
3041,M,32,1:10:54,2023,4254
3042,M,15,1:11:24,2023,4284
3043,M,40,1:11:37,2023,4297
3044,F,38,1:11:53,2023,4313
3045,F,42,1:12:01,2023,4321
3046,F,18,1:12:12,2023,4332
3047,M,42,1:12:21,2023,4341
3048,M,45,1:12:42,2023,4362
3049,M,38,1:12:45,2023,4365
3050,M,41,1:12:53,2023,4373
3051,F,36,1:12:59,2023,4379
3052,M,36,1:13:03,2023,4383
3053,M,64,1:13:06,2023,4386
3054,M,52,1:13:14,2023,4394
3055,M,36,1:13:16,2023,4396
3056,M,33,1:13:26,2023,4406
3057,M,37,1:13:30,2023,4410
3058,M,50,1:13:43,2023,4423
3059,M,24,1:13:44,2023,4424
3060,M,47,1:13:46,2023,4426
3061,F,45,1:13:50,2023,4430
3062,F,18,1:14:10,2023,4450
3063,M,48,1:14:10,2023,4450
3064,F,43,1:14:22,2023,4462
3065,F,15,1:15:19,2023,4519
3066,M,44,1:15:20,2023,4520
3067,M,39,1:15:32,2023,4532
3068,M,67,1:15:54,2023,4554
3069,F,35,1:15:55,2023,4555
3070,F,31,1:15:56,2023,4556
3071,M,47,1:16:02,2023,4562
3072,F,41,1:16:05,2023,4565
3073,M,41,1:16:14,2023,4574
3074,F,37,1:16:15,2023,4575
3075,F,39,1:16:17,2023,4577
3076,F,34,1:16:27,2023,4587
3077,M,57,1:16:45,2023,4605
3078,F,29,1:16:52,2023,4612
3079,F,17,1:16:53,2023,4613
3080,F,41,1:17:07,2023,4627
3081,F,20,1:17:07,2023,4627
3082,M,34,1:17:10,2023,4630
3083,M,52,1:17:16,2023,4636
3084,M,49,1:17:21,2023,4641
3085,M,66,1:17:33,2023,4653
3086,M,43,1:17:38,2023,4658
3087,M,42,1:17:45,2023,4665
3088,M,47,1:17:48,2023,4668
3089,M,37,1:17:52,2023,4672
3090,M,36,1:18:00,2023,4680
3091,F,41,1:18:27,2023,4707
3092,M,57,1:18:53,2023,4733
3093,M,41,1:18:59,2023,4739
3094,M,52,1:19:14,2023,4754
3095,F,29,1:19:16,2023,4756
3096,F,38,1:19:20,2023,4760
3097,M,44,1:19:30,2023,4770
3098,M,37,1:19:33,2023,4773
3099,M,61,1:19:44,2023,4784
3100,F,44,1:19:46,2023,4786
3101,M,38,1:19:59,2023,4799
3102,M,37,1:19:59,2023,4799
3103,F,33,1:19:59,2023,4799
3104,M,57,1:20:00,2023,4800
3105,M,48,1:20:01,2023,4801
3106,M,51,1:20:18,2023,4818
3107,M,16,1:20:18,2023,4818
3108,M,42,1:20:32,2023,4832
3109,M,64,1:20:36,2023,4836
3110,F,32,1:20:45,2023,4845
3111,M,51,1:20:49,2023,4849
3112,F,42,1:21:00,2023,4860
3113,M,44,1:21:21,2023,4881
3114,M,54,1:21:34,2023,4894
3115,M,26,1:21:40,2023,4900
3116,M,26,1:21:42,2023,4902
3117,M,49,1:21:43,2023,4903
3118,M,21,1:21:49,2023,4909
3119,F,43,1:21:53,2023,4913
3120,M,40,1:21:56,2023,4916
3121,M,51,1:22:02,2023,4922
3122,F,27,1:22:03,2023,4923
3123,M,47,1:22:03,2023,4923
3124,M,24,1:22:12,2023,4932
3125,M,52,1:22:18,2023,4938
3126,M,41,1:22:22,2023,4942
3127,F,45,1:22:33,2023,4953
3128,F,24,1:22:34,2023,4954
3129,M,30,1:22:35,2023,4955
3130,M,71,1:22:49,2023,4969
3131,M,61,1:22:51,2023,4971
3132,M,61,1:22:53,2023,4973
3133,F,40,1:22:55,2023,4975
3134,F,54,1:23:09,2023,4989
3135,M,31,1:23:10,2023,4990
3136,F,19,1:23:12,2023,4992
3137,M,21,1:23:23,2023,5003
3138,F,38,1:23:26,2023,5006
3139,M,26,1:23:53,2023,5033
3140,F,43,1:23:59,2023,5039
3141,M,54,1:24:13,2023,5053
3142,M,30,1:24:21,2023,5061
3143,M,41,1:24:22,2023,5062
3144,M,30,1:24:29,2023,5069
3145,M,34,1:24:32,2023,5072
3146,F,33,1:24:33,2023,5073
3147,M,64,1:24:42,2023,5082
3148,M,34,1:24:48,2023,5088
3149,F,28,1:24:51,2023,5091
3150,M,37,1:24:51,2023,5091
3151,M,28,1:24:53,2023,5093
3152,F,30,1:24:55,2023,5095
3153,M,33,1:25:01,2023,5101
3154,M,48,1:25:03,2023,5103
3155,F,65,1:25:08,2023,5108
3156,M,38,1:25:38,2023,5138
3157,F,39,1:25:38,2023,5138
3158,M,38,1:25:43,2023,5143
3159,F,34,1:25:51,2023,5151
3160,F,44,1:26:02,2023,5162
3161,M,54,1:26:03,2023,5163
3162,F,22,1:26:05,2023,5165
3163,M,34,1:26:07,2023,5167
3164,M,45,1:26:24,2023,5184
3165,M,35,1:26:31,2023,5191
3166,F,26,1:26:39,2023,5199
3167,M,40,1:26:42,2023,5202
3168,M,55,1:26:45,2023,5205
3169,M,27,1:26:56,2023,5216
3170,M,63,1:27:03,2023,5223
3171,F,42,1:27:05,2023,5225
3172,M,31,1:27:10,2023,5230
3173,F,27,1:27:18,2023,5238
3174,M,29,1:27:18,2023,5238
3175,M,48,1:27:18,2023,5238
3176,F,32,1:27:22,2023,5242
3177,M,48,1:27:25,2023,5245
3178,M,60,1:27:29,2023,5249
3179,M,53,1:27:44,2023,5264
3180,M,37,1:27:49,2023,5269
3181,F,41,1:28:02,2023,5282
3182,F,68,1:28:03,2023,5283
3183,F,52,1:28:06,2023,5286
3184,M,29,1:28:41,2023,5321
3185,F,56,1:28:41,2023,5321
3186,M,72,1:28:54,2023,5334
3187,M,43,1:28:59,2023,5339
3188,M,47,1:28:59,2023,5339
3189,M,48,1:29:05,2023,5345
3190,F,60,1:29:07,2023,5347
3191,M,40,1:29:08,2023,5348
3192,M,51,1:29:18,2023,5358
3193,M,57,1:29:21,2023,5361
3194,F,51,1:29:43,2023,5383
3195,M,63,1:29:49,2023,5389
3196,M,29,1:29:59,2023,5399
3197,M,44,1:30:04,2023,5404
3198,M,39,1:30:10,2023,5410
3199,M,30,1:30:14,2023,5414
3200,F,40,1:30:23,2023,5423
3201,M,34,1:30:26,2023,5426
3202,M,36,1:30:32,2023,5432
3203,F,40,1:30:34,2023,5434
3204,F,41,1:30:36,2023,5436
3205,F,55,1:30:39,2023,5439
3206,F,39,1:30:41,2023,5441
3207,M,43,1:30:50,2023,5450
3208,M,26,1:30:55,2023,5455
3209,M,47,1:30:57,2023,5457
3210,F,35,1:30:58,2023,5458
3211,M,30,1:31:02,2023,5462
3212,F,37,1:31:11,2023,5471
3213,F,39,1:31:18,2023,5478
3214,F,24,1:31:25,2023,5485
3215,F,24,1:31:25,2023,5485
3216,M,60,1:31:34,2023,5494
3217,M,43,1:31:42,2023,5502
3218,F,41,1:32:06,2023,5526
3219,M,41,1:32:39,2023,5559
3220,M,25,1:32:49,2023,5569
3221,F,30,1:32:49,2023,5569
3222,F,42,1:33:04,2023,5584
3223,F,41,1:33:06,2023,5586
3224,M,30,1:33:26,2023,5606
3225,F,57,1:33:55,2023,5635
3226,M,27,1:34:09,2023,5649
3227,F,67,1:34:10,2023,5650
3228,M,50,1:34:12,2023,5652
3229,F,34,1:34:20,2023,5660
3230,F,33,1:34:30,2023,5670
3231,M,36,1:34:41,2023,5681
3232,F,35,1:34:41,2023,5681
3233,F,34,1:34:50,2023,5690
3234,F,33,1:34:56,2023,5696
3235,F,36,1:34:56,2023,5696
3236,M,45,1:35:08,2023,5708
3237,F,36,1:35:24,2023,5724
3238,F,49,1:35:29,2023,5729
3239,M,47,1:35:31,2023,5731
3240,M,52,1:35:34,2023,5734
3241,M,51,1:35:42,2023,5742
3242,F,44,1:35:43,2023,5743
3243,M,26,1:36:03,2023,5763
3244,F,37,1:36:05,2023,5765
3245,F,35,1:36:07,2023,5767
3246,F,38,1:36:08,2023,5768
3247,F,22,1:36:18,2023,5778
3248,M,35,1:36:24,2023,5784
3249,F,50,1:37:40,2023,5860
3250,M,33,1:37:53,2023,5873
3251,F,25,1:37:53,2023,5873
3252,M,38,1:37:54,2023,5874
3253,F,37,1:37:54,2023,5874
3254,M,45,1:38:04,2023,5884
3255,M,38,1:38:32,2023,5912
3256,M,39,1:38:33,2023,5913
3257,F,17,1:39:12,2023,5952
3258,M,35,1:39:34,2023,5974
3259,M,30,1:39:42,2023,5982
3260,M,33,1:39:43,2023,5983
3261,F,20,1:40:12,2023,6012
3262,F,46,1:40:37,2023,6037
3263,M,48,1:40:39,2023,6039
3264,M,34,1:40:55,2023,6055
3265,F,32,1:41:23,2023,6083
3266,F,45,1:41:41,2023,6101
3267,F,69,1:41:48,2023,6108
3268,M,57,1:42:10,2023,6130
3269,F,27,1:43:09,2023,6189
3270,F,38,1:43:12,2023,6192
3271,F,47,1:43:28,2023,6208
3272,M,29,1:43:33,2023,6213
3273,M,43,1:43:52,2023,6232
3274,M,33,1:44:01,2023,6241
3275,M,65,1:44:03,2023,6243
3276,F,41,1:44:32,2023,6272
3277,F,33,1:45:19,2023,6319
3278,M,34,1:45:21,2023,6321
3279,F,43,1:45:56,2023,6356
3280,M,17,1:46:01,2023,6361
3281,M,35,1:46:04,2023,6364
3282,F,26,1:46:14,2023,6374
3283,F,34,1:47:06,2023,6426
3284,F,43,1:47:07,2023,6427
3285,F,64,1:48:09,2023,6489
3286,F,57,1:49:51,2023,6591
3287,M,67,1:50:15,2023,6615
3288,M,42,1:50:43,2023,6643
3289,F,41,1:51:09,2023,6669
3290,F,50,1:52:03,2023,6723
3291,F,18,1:52:08,2023,6728
3292,M,48,1:52:25,2023,6745
3293,M,59,1:52:34,2023,6754
3294,F,29,1:53:59,2023,6839
3295,F,47,1:54:11,2023,6851
3296,M,43,1:55:07,2023,6907
3297,F,48,1:59:20,2023,7160
3298,F,67,2:01:30,2023,7290
3299,F,27,2:03:41,2023,7421
3300,M,47,2:04:05,2023,7445
3301,M,42,2:26:04,2023,8764
